Stack, Frequency
་,49958214
ས,8394339
ད,6610219
།,6201993
ག,5551799
ང,5442575
བ,5344360
པ,5108118
ན,4976506
མ,4515634
ར,3765547
འ,2939366
ལ,2544226
འི,1634515
དེ,1383694
དུ,955903
ཀྱི,896311
བྱ,860655
རྣ,712641
པོ,640950
ནི,640017
ཞི,614933
ཡ,555288
ཅ,552923
སུ,534489
སེ,509908
རྒྱ,508348
ཡི,505395
མི,492209
ལི,483831
ཉི,477437
ཤེ,471303
ནེ,471153
༺,465560
༻,465559
གྱི,462898
ཐ,450584
སོ,436223
གྱུ,425556
འོ,411289
དོ,385028
མེ,383108
ཆོ,379355
དི,373052
ཅི,366284
ཏུ,361203
ལྟ,360736
བུ,351687
གི,349642
ཆེ,344436
ཏེ,333901
ལྡ,333372
ཕྱི,322882
ཆུ,314865
བྱེ,309050
ཡོ,306550
ཞེ,286969
རི,276740
སྟོ,276620
རོ,272164
ཐོ,254675
སྟེ,245313
ཚ,244482
ངོ,236178
ཅོ,233871
ཁ,232673
ཕ,232150
ཇི,228785
གེ,214860
ཤི,207493
མོ,195840
སྐྱེ,195423
ཀྱ,194487
མྱི,183668
ཚོ,177054
ཞ,173052
ལྷ,165336
རྗེ,159328
ཟ,156970
ཀུ,153800
གོ,151485
ཀ,148979
ཏ,147314
བྱུ,145981
གྲོ,144271
ནོ,143688
ཁོ,142635
བོ,140101
ཏོ,136871
ཆ,134173
མྱེ,130956
ཚེ,124114
ལོ,122682
ཟུ,119626
སློ,114874
སྤྱོ,114779
སྐ,113610
བྲ,110280
ཉ,109827
རྟེ,107662
སྣ,100634
ཅེ,99921
ལུ,98999
ཚུ,98092
སྔ,96942
སྨྲ,94612
ཏི,91129
རྫོ,90808
རྟ,90383
ཉེ,89167
ཁྱེ,88853
ཤ,88738
ཅུ,87975
ཐུ,87700
ཛི,87291
བྱི,85452
གྲ,85435
ཞུ,85068
རེ,84988
སྟ,82868
དྲ,81425
ཆི,80575
རྡོ,79594
ལེ,79329
བྱོ,75588
ཕྱ,75324
སྒོ,74858
ཙ,74001
རྒྱུ,73383
བླ,65710
སྦྱི,64700
གྲུ,64059
རྟོ,63517
ངེ,61098
ཚི,60773
ཛ,60145
རྩ,59501
རུ,59059
སླ,58642
ཡུ,58603
སྙ,58246
སྡུ,57519
ཁྱོ,55859
ཡེ,54684
ཁྲི,54556
སྩ,53039
གུ,52681
སྙི,52407
ཕྱོ,52394
ཟེ,51840
སྐུ,51006
དྲི,50567
རྗོ,50041
ནུ,50015
ཇུ,49889
ལྔ,47766
སྦྱོ,47677
ཕྲ,47106
སྙེ,46833
ཕུ,45288
དྲུ,44530
སྔོ,43455
ཙུ,43080
སྒྲ,42333
ཧཱ,41779
ཟླ,41686
མྱ,41184
རྩོ,41051
སྲི,39705
ཟི,39500
ཨོཾ,39492
མུ,39330
ཐེ,38847
སྒྲུ,38137
ཁྱི,37354
སྤྱ,34759
ཨ,34325
ཁྱ,34177
ཟོ,33698
འུ,32422
ཿ,31960
སྤོ,31549
སྨོ,31413
ཤཱ,31343
སྙོ,31273
ཞོ,30821
བློ,29412
ཊ,28779
ཕྲུ,28599
སྲུ,28442
སྦྱ,27653
ཉོ,27650
སྒྱུ,27208
སྤ,27097
སྐྱོ,26398
རྩེ,26271
སྭཱ,25272
བེ,25239
ཀླུ,25206
ཕོ,25037
རྐྱེ,25015
སྲོ,24995
སྲེ,24933
སྐོ,24608
དྷ,24549
ཕྱུ,24178
ཕྱེ,23283
ཧ,22953
དྲེ,22416
ཁྲུ,22314
ཁྲོ,22148
ཛྲ,22035
བི,22016
པེ,21905
ལྟུ,21642
ཤུ,21520
ཀོ,21382
རྙེ,21375
ཇ,20509
སྡེ,20460
སྨ,20304
སྨི,20283
རྫུ,19650
བྲི,18797
སྲ,18671
སྡི,18622
རྐ,18557
རླ,17991
ཛེ,17293
པུ,16727
ལྕེ,16582
དྭ,16060
རླུ,15652
ཀྱེ,15308
གྲི,14863
རྩི,14709
རྡུ,14619
སྒྲོ,14594
ཤོ,14118
ངུ,14060
ཁྲ,14047
ཙོ,14021
རྒ,13842
ལྷུ,13827
བྷ,13794
སྐྱ,13650
ཕྲེ,13418
སྡ,13369
རློ,13301
རྦ,13260
སི,13246
ཁུ,13046
སྤྲི,13010
ཐཱ,12745
ཨཱ,12645
ཇོ,12607
མྱོ,12436
སྐྲ,12334
མྱུ,12154
ཕེ,12132
གླ,12050
ལྡོ,11870
བྲེ,11686
སྤྲུ,11373
ཐི,11097
ཨུ,11076
པྲ,11063
ཎ,10915
སྡོ,10766
སྤྲོ,10624
གྱེ,10448
ཕྲོ,10362
སྒྲི,10252
རྫ,9769
གླི,9762
རཱ,9706
པཱ,9588
ནཱ,9518
ཀཱ,9356
ཛུ,9312
སྣོ,9195
རྦྦ,8959
ཀེ,8864
སྟི,8694
བྲུ,8575
རྨ,8429
ཛོ,8403
ཟློ,8176
ཎི,8166
ཀྲ,8032
སྤུ,7965
ཧི,7715
གྱོ,7384
མཱ,7278
ལྟོ,7241
ཧེ,7156
དྷི,7110
ལྕ,6990
རྙ,6893
སྤྱི,6877
ལྷོ,6707
ཏཱ,6590
རྨི,6578
གཱ,6517
ཀི,6510
ཙི,6474
རྗི,6414
རྒོ,6341
གླེ,6262
ལྗོ,6063
ཏྲ,6056
སྦ,6027
རྨོ,5982
བྷྱ,5908
བཱ,5906
རྡ,5828
ཀྲུ,5796
ཀྵ,5739
རྱ,5733
ཅྭ,5650
གློ,5635
དྲོ,5513
རྔ,5432
ཉུ,5296
ཧུ,5223
བྲོ,5167
རྟུ,5104
ཀཽ,5085
ཁྱུ,5025
ཁེ,4962
ཨེ,4937
ཀློ,4825
རྐྱ,4811
ཥ,4804
ཀླ,4710
རྐུ,4681
མཽ,4644
སཱ,4570
ཀྲོ,4554
སྩོ,4498
དྷཱ,4435
སྦྲ,4351
གླུ,4286
སྦོ,4286
རྫི,4249
ལྡི,4248
སྦྲུ,4216
ཀྲི,4192
བཻ,4094
ཧོ,4079
ཕྲི,3965
གཽ,3965
པི,3913
བླུ,3882
གྷ,3864
ཝ,3705
ཛྙཱ,3588
བྷི,3586
ཤྭ,3542
དྨ,3467
ལྟེ,3444
དྱ,3408
རྩྭ,3386
ཡཱ,3345
གྱ,3295
ཌ,3272
ཨི,3229
གྲེ,3211
དཱ,3159
ཇེ,3116
ནྟ,3081
ནཱི,2976
དཱུ,2934
སྐྱི,2910
སྤྲ,2878
ཛྭ,2868
སླུ,2838
ཙྪ,2771
དྷུ,2749
ཀྱུ,2747
སྷོ,2696
ལཱ,2621
སྨྱི,2614
སྭ,2493
པྱ,2489
སྣུ,2484
སྒྲེ,2450
ཛཱ,2441
དྷེ,2425
ཀྲེ,2412
རྩུ,2397
པཱུ,2359
རྣོ,2356
པྱོ,2336
ལྕི,2332
ཙེ,2316
རྔུ,2304
ཏྭ,2299
ལྗ,2283
བྷཱ,2273
ལྡེ,2273
དྡྷ,2265
ལྤ,2242
ཎྜ,2165
ནྱ,2140
རྡེ,2126
སྐྱུ,2119
ཏྭཱ,2090
སྟུ,2089
ཏྲི,2072
ཧྲཱི,2045
བྷུ,2042
ཀཱི,1980
སྙུ,1937
སྱ,1934
ཏྣ,1922
སྨྱོ,1882
རྔོ,1863
ཤྲཱི,1817
སྨྲེ,1817
ནྡྷ,1794
སྦུ,1775
རྙི,1751
ཥྛ,1745
ཊི,1744
༅,1695
སྐེ,1681
སྨྱུ,1666
རྙོ,1659
རཱི,1625
གྲྀ,1619
ཉྩ,1618
ཁཱ,1616
༄,1568
སཱི,1552
རྨྨ,1485
ཏཱི,1460
སྤེ,1449
སྦེ,1436
སཱུ,1430
བཱི,1416
བྷྱོ,1387
ཚྭ,1378
ཥི,1376
ཌཱ,1366
༡,1345
ཧྲི,1340
ཏྟ,1328
དྡྷཱ,1321
ཟླུ,1314
ཀྲྀ,1313
ཥྚ,1307
ཁྲེ,1293
ཛྲཱ,1282
སྨྲོ,1242
རྨྱི,1241
ཏྤ,1234
ནྡ,1227
ཅྭོ,1218
རྣཾ,1212
རྨེ,1201
ཁི,1187
ཧྞ,1152
ཐཾ,1135
ཌི,1132
སྨྲི,1115
རྐོ,1115
ཏྲཱ,1081
བྷཱུ,1068
ཏྱ,1065
ཤཱི,1062
སྒྱི,1061
གྲྭ,1053
འྀ,1040
ཎཱ,1034
རྒུ,1016
སྒུ,1015
སྒེ,1011
ཎེ,1003
྅,999
རཱུ,962
སྥོ,957
གྷུ,950
བྷེ,930
ཨོ,926
ཛྲེ,915
ཎཱི,915
དྱཱ,909
མྲྀ,908
ཊེ,904
དྲཱ,894
རྐེ,884
སྤྲེ,884
ལྐུ,882
ཥཱ,867
སཾ,846
ཀྵི,842
པྲི,835
རྟི,835
ཉྫ,811
རྨུ,805
ཧྱ,804
མྦྷ,803
ཥེ,772
ནྟུ,754
ཎྱེ,752
མྲ,747
ཏྲེ,746
ཊཱ,743
རྱཱ,731
ཧྲྀ,714
དྷྱ,711
དཱི,706
ཤྩ,705
ཊྚ,704
སྥ,698
རྭ,696
ཙྪི,682
གྷཱ,675
བྷོ,673
ཏྱཱ,668
ཎྜི,663
ཛྭཱ,661
སྐྲོ,652
༢,649
ཧཱི,644
ཌཱི,643
ཤཱུ,633
ཅྡོཾ,626
ཝཱ,621
པྱི,618
སྨེ,610
རྨཱ,609
ཥྚི,605
མཱི,587
དྡྷི,580
ཧྱེ,575
ཁྭ,574
ཋ,573
སྐྲུ,562
ལྕུ,556
ཛྲི,552
སྦྲེ,547
དྨོ,534
༈,532
ཥྚཱ,526
བྱཱ,522
ཏྨ,519
ལཱི,506
ཪྵ,504
ཧཱུཾ,499
ཥྛི,493
མཱུ,488
ཊུ,487
ཀྵེ,486
དྡྷེ,476
མཻ,474
ཌེ,474
ཀྵུ,465
དྷྭ,460
ཧྨ,458
རྀ,456
ནྡྲ,453
ནྟྲ,450
ཤྲི,440
༣,440
ཨཱི,434
ཤྲ,434
དྷོ,433
ནྟི,433
ཀྭ,432
ཙཱ,431
རྨྨཱ,431
ཏྲཻ,430
༤,429
པྲཱ,428
དྷཱུ,426
གྷོ,426
ཤྱ,424
ཌྷ,422
སྒ,421
༥,420
རྞ,411
༦,409
སེཾ,404
ལྡུ,402
སྟཱ,398
ཥྞཱི,390
སྒྱེ,389
སཽ,385
པྲེ,385
ཧཱུ,382
༧,379
སྠ,373
ངྒ,365
༨,365
༩,363
རྫེ,361
རྦཱ,361
སྱཱ,360
རྠ,359
ནཻ,356
སྥུ,353
༠,351
གཱི,349
ལྐོ,348
ཡཻ,343
དྲྀ,343
ཥྞ,342
ཏྱེ,340
སླེ,337
བྷཻ,336
རྦྷེ,330
རྦྷ,326
ཥྱ,316
ཧྲ,315
ཌཱུ,313
ཀྟ,311
རྞྞ,311
ཀྱོ,308
ཀྐི,304
ཧཾ,300
ཨཱུ,299
ནྟེ,299
ཛྲཱི,294
ཝི,286
ནྀ,276
ཧྣ,276
ནཱཾ,276
མྲི,274
ཙྪེ,269
ནཾ,267
གྷི,265
ཧྞཱ,264
ཥྛཱ,263
ཏྲོ,262
ཎྱ,262
ཉྫུ,261
ཀྵོ,260
ཥྤ,259
སྱེ,256
ཛཱི,254
མཾ,252
ཨཻ,252
སྟྲཻ,251
ཀཾ,250
རྫྫ,250
ཀྲཱ,249
ཛྙ,248
གྲཱི,248
བྷྲ,247
པྟ,243
དཾ,242
ཏྟཱ,242
རྡྷ,238
སྥཱ,238
ཨཽ,238
ཛྷ,235
ཤྭེ,235
ཀྐ,234
ནྟཱ,230
སྠི,229
སུཾ,228
ཀྵཱ,227
དྷཱི,227
གྷེ,224
ཀྱཻ,223
སྠཱ,221
ཀླེ,219
ལྗི,218
ཙྱཻ,217
སྦྲོ,212
རཾ,212
ཏཾ,210
ཀཻ,210
ཡཾ,208
ཀྵྨ,208
ཏྟེ,206
ཊཱི,205
༔,204
སྤྱུ,204
བྷཱི,204
སྨྱ,202
ཎུ,198
ཥྤེ,197
མྦ,196
ཛྫ,193
ནྣ,193
དྡྷོ,193
ཤྩི,192
པཱི,192
ཧྭ,188
ཪྴ,188
ཎྜེ,183
ཧྲཱིཾ,183
ལཾ,183
དྷྭི,181
ནྲྀ,180
སྐཱ,180
རྦྦཱ,180
ཙཱུ,180
གྷྣ,173
བཾ,173
ཕི,172
ཏྭེ,171
བྷྲི,170
སྣྲེ,170
ཥྱཱ,170
ཊྚེ,168
ཙྪཱ,166
བྷྲྀ,166
གྷྲ,163
ཛྲོ,159
ཅོཾ,159
ཌྜྷྱ,158
དྷྲི,157
ཥུ,155
ཏྱུ,155
རྱེ,153
དྡྷྱ,152
རྐྱོ,150
དྭེ,150
གྲཱ,150
ལྀ,150
སྣྲོ,149
སྨྲྀ,148
གྣི,146
ཉྩི,145
སྣྲུ,144
༑,143
ཤྨི,142
ཏྟི,141
ཥྨ,140
ཁཱི,139
བཽ,138
ཪྠ,136
ཥྚྲཱི,136
མྦཱི,136
ཤྭཱ,136
ཌུ,135
ཛཾ,134
མྦི,134
དྨེ,134
དྷྲྀ,134
ཁཾ,130
ལྦ,127
ལྱ,127
ཏྲཱི,127
ཊྚི,126
མྀ,124
གྷྣཱ,123
བྲྀ,123
ཞྭ,122
ཨཾ,122
ཎྜཱ,122
ངྐ,121
སྨུ,120
སྱཻ,120
ཀྵྞ,120
པྲྀ,120
ལྕོ,119
ཎོ,119
ནྲི,118
རཽ,118
ཎྚ,115
ཕེཾ,114
ངྱ,114
རཱྀ,114
སྦྲི,114
ཧྲིཾ,112
ཥྞུ,111
སྨཱ,111
༽,110
དྷྱཱ,110
འཾ,109
ཥྚེ,109
འེ,108
ཀྴ,108
སྐྲི,108
ཏྲུ,108
༼,105
ཛྱོ,105
ཛྙོ,102
ཏྠ,102
གྶ,102
ཊྱ,102
ནྡེ,102
རྦེ,102
རྡི,101
ཀཱུ,100
རྟྟ,100
ལིཾ,98
རླི,98
ཧྷ,98
བཱུ,97
ལྦུ,96
ལཱྀ,96
ཋི,96
གྣ,94
ནྡྷེ,94
རྒྷ,94
ཥྚོ,92
ཡཱུ,92
ཧླ,91
ཤྨ,91
ཉྩཱ,90
དྭཱ,90
ཧྲུ,90
བྷྲཱ,90
ཛྷུ,90
ངྒེ,89
ཏྱཻ,88
ཎྚི,88
མྨེ,87
ལྒ,87
ཀྲཱི,86
ཊྚཱ,86
ཎཱཾ,86
ཌྷོ,86
བུཾ,85
དྣ,84
མཱཾ,84
ལཱུ,84
སྟྲ,84
དྱེ,83
དཻ,82
ཡྀ,82
སྐྲྀ,81
ནྡུ,81
ལླེ,80
ཤཾ,80
དྷྱེ,80
ལླ,80
ནྟཱི,80
ནྣི,79
ཊོ,78
ནྡྲཱ,76
ཥྱོ,76
ཏྨཱ,76
ཧྭཱ,75
ནྱཱ,74
ཙཱི,74
ཏྲྀ,74
ཋུ,74
བྱཱུ,73
རྨྱ,72
དྒྷ,72
གྷཻ,72
ཧྨཱ,71
མྤ,71
ཛྱེ,71
དྭི,70
ཤྲུ,70
སཻ,70
ངྐུ,70
ཀྟི,70
ཏཻ,70
ཧིཾ,70
ཙཽ,69
རྠི,69
དྱུ,68
ཛྷི,68
ཉྀ,68
ཀྐོ,68
ཛྙེ,67
པྲཱི,65
ཀྱྀ,65
གྷྲཾ,64
ནྡཱ,64
ཥྠ,64
ཏྣེ,64
ཌོ,64
གྷཱུ,64
ཤྲཱ,63
ཏྲཾ,63
ལྱེ,62
དྱོ,62
ཀྐེ,62
སིཾ,61
གྷྲི,61
ལླི,60
ངྷ,60
སྔུ,60
ཝེ,60
ཀྟོ,60
ཤྱཱ,60
རཻ,59
པཾ,59
ཏྀ,58
ཎྛ,58
སྟཾ,58
ཨིཾ,58
ཥྚོཾ,58
མྦཱ,58
ཀྟེ,57
མྦུ,57
རྒྱོ,56
ཏྲཱཾ,56
ཤྠ,56
གྲཱྀ,56
ཏྱཱི,56
ཏྭཾ,56
བྲཱ,56
ཎྜཱི,56
ཧཻ,55
ཛྱ,55
ཥྞཱ,54
བྟ,54
དྨཱ,54
ཥྨཱ,54
ཀྐུ,54
ནྜ,54
པྲོ,54
ཉྫི,54
ཧུཾ,54
ཥྚྲཱྀ,54
ཥྚཱི,53
ཏྟྭ,53
ཀྵཱི,53
སྟྭ,52
ཥཱི,52
ཎྀ,52
ཤྀ,52
སྒྱོ,52
ཌྷེ,52
ཥྠི,52
ནྡྷཱ,52
ཅྀ,52
མྦེ,52
ཎྱཻ,52
ཧཽ,51
ཋཱ,51
ཕཱ,51
ཌྷི,50
གཾ,50
ནྡྷུ,50
ཀྩི,50
ཧྨེ,50
རྟྟི,50
སྟྲི,50
ཌྷུ,50
ཙྪུ,50
ལཻ,49
ཏྲྱ,48
ཙཾ,48
ལླཱི,48
གྀ,48
གྷྲཱ,48
ཞྀ,48
ངྒྷ,48
དྲཱི,47
ཙྩ,46
ཕྱྀ,46
དྦྷ,46
ཤྲོ,46
ཌྜྷ,46
ངྒི,46
སྶ,46
ཥྐ,46
ཛྷཱ,45
རྐྐ,45
མྦྷི,44
ཧྣཱ,44
རྦོ,44
ཥྚྲཱ,44
དྷྲཱི,44
དྷྲཱྀ,44
དྭཱི,43
ཕྱྭ,43
ཪྨ,42
ཀྟཱ,42
ངྒཱ,42
ཧྲཽཾ,42
ཛྙཽཾ,42
དྷྀ,42
ཐཻ,42
དྱི,42
དྀ,42
སྨྱེ,42
རྞཱ,42
ཉཾ,42
པྟཱ,42
ཥྚཾ,42
ཏྟྲ,41
ཙཻ,41
ཥྚིཾ,40
རྦུ,40
པླ,40
རྗུ,40
བྀ,40
ཤྲེ,40
དྡེ,40
ནྱཻ,40
པྤ,40
ཤྱེ,39
ནྟིཾ,39
གཱུ,38
ནཱུ,38
རྦྷཱ,38
བྲཱི,38
ཏྲཱུ,38
ནྱེ,38
རྔེ,37
ནྡྷི,37
ཥོ,37
ནྡོ,37
ནྟོ,36
ཌྷྱ,36
ཀྴི,36
ཎྞ,36
ཏྣཱ,36
སྲཱ,36
དྭཻ,36
ཌྱ,36
ཌྒེ,36
དྒ,36
བྷཾ,36
ཎཾ,35
ཛྫི,34
ཤྩཱ,34
སྒྱ,34
ནྣེ,34
ཡཱི,34
སྟྭཾ,34
ཊྭཱཾ,34
ནྣཱ,34
ཏྶཱ,34
རྠཱ,34
གྣེ,34
སྩུ,34
པྱུ,34
ནྡི,34
པིཾ,34
ཤཻ,34
རྒེ,33
པྟེ,33
ཤྕི,32
རྨྨེ,32
ཀླི,32
མྷ,32
རྞྞེ,32
ལྤཱ,32
ཌྒ,32
མྨཱ,32
དཱེ,32
ཧཱཾ,32
ཀྵིཾ,32
གྷུཾ,32
བྷྱི,31
ཤཽ,31
གྱྀ,31
ཥྨི,30
ཥྚྲ,30
མྲཱ,30
ཝཱི,30
བྷྱུ,30
ཥྛཱི,30
ལཱཾ,30
ཪྞ,30
ཧྲཱ,30
ཥྩ,30
རྡྷཱ,30
སྟྱ,30
བྲུཾ,30
རྞེ,30
རྞྞཱ,30
ཉྩོ,29
ཪྟ,28
ཏྐ,28
ཎྜོ,28
མོཾ,28
ཙྪོ,28
ཀྲཾ,28
པྣ,28
དྲཱུཾ,28
ཏྭཱཾ,28
ཀྵྨེ,28
ཀིཾ,28
ཏིཾ,28
རྞི,27
བྱཻ,27
ཪྷ,27
ནྜེ,26
དྷཻ,26
ཤྲིཾ,26
ཏྟྱ,26
མྨ,26
ཪྦ,26
རྟཱ,26
ནྨ,26
ཥྞི,26
ཙྱུ,26
བྡ,26
ཧྱི,26
ཨཱོཾ,26
དྷྭཱ,26
ཨཱཾ,26
ལྦོ,26
ཥྛེ,26
ཌྷཱ,25
ཪྡ,25
གྭ,24
གྷྲྀ,24
ཀྀ,24
ཏཱེ,24
ཧྱཱ,24
རྦྦེ,24
བྟི,24
ཡོཾ,24
དྷྭཾ,24
མྦོ,24
རྠྠ,24
ཏྟོ,24
སྱོ,24
ལྤེ,24
ཏྭཱི,24
ཀྵཾ,24
བྱཾ,24
གཻ,24
རྒྒ,24
ཊྲ,24
ཏྲཱིཾ,24
ཤྭི,23
ཝུ,23
ནྠི,23
དྡ,22
རྦྷུ,22
ཉཱ,22
ཪྤ,22
ཀུཾ,22
ཁཻ,22
ནྡྲེ,22
དྲུཾ,22
བིཾ,22
རྦི,22
ཉྫཱ,22
སྣི,22
ཎྚེ,22
དྷྱུ,22
མྨུ,22
ཧྲཱྀ,22
ལྟི,22
བྟེ,22
སྲྀ,22
རྟཱི,22
ཅཱ,22
ཛཱུ,22
ཀྑ,22
ཕྲོཾ,22
བཻཾ,22
ཀྵྱ,22
ཇྀ,22
࿔,22
ཀྷོ,22
ནྟྲཱ,21
དྟ,21
ཛྙཱི,21
ཥྭ,21
ཪྠི,21
དྷྱི,21
ཪྵཱ,20
པཽ,20
པྡ,20
ཡྱ,20
རྷ,20
ཧོཾ,20
ཏྭོ,20
སྒོཾ,20
རྦྦོ,20
རྐཱ,20
ལྭ,20
ཥྚྲི,20
ནྡྲི,20
ནཱེ,20
ནྟྲི,20
ཛྲཱེ,20
ཕཱུ,20
ཏྟཱི,20
ལྤི,20
ཪྡྷ,20
ཤླེ,20
ཎྜྀ,20
ཥྚྲཱིཾ,20
ཚཱ,19
བྲཾ,19
དྦྷུ,18
རྦྷོ,18
ཇཾ,18
ཤྐ,18
རྱཾ,18
བཱཾ,18
ཀྱཱ,18
མུཾ,18
ལྱཱ,18
ཏཱུ,18
ཪྟི,18
རིཾ,18
ཧཱིཾ,18
ཊྱི,18
ཏུཾ,18
སྐྲེ,18
ཏྲུཾ,18
ཧྲོཾ,18
ཤིཾ,18
ཏྲཱུཾ,18
ནྭི,18
࿓,18
ལཽ,18
གྷྣཱཾ,17
ལྷི,17
སྟཻ,16
དྱཱེ,16
ཧྀ,16
བྷྀ,16
ཏྭི,16
གྟ,16
ཪྱ,16
དྷྲོ,16
ཧྣི,16
ཏྟཾ,16
ཛྙཱཾ,16
རྩཾ,16
རྗྫ,16
ཪ,16
ཥྚྲོ,16
སྣེ,16
གྲཾ,16
ཨཽཾ,16
སྐཾ,16
ངྐཱ,16
བྷྲཱུཾ,16
བྦ,16
ཕཱི,16
ནྨཱ,16
ཏྱོ,16
སྣཾ,16
ཇོཾ,16
སྶི,16
ཧྱཻ,16
སྠུ,16
བྷཽ,16
ཐཱི,16
ཤྚ,16
བྷྲཽ,16
རྱཻ,16
ཙྀ,16
རཱེ,16
སྣོཾ,16
ཀཱཾ,16
སྙྀ,16
གཱཽ,16
དྤ,15
སྤི,15
སཱེ,14
མྦྷཱ,14
ནྶ,14
དྷྲ,14
ཏཱཾ,14
ནྚ,14
ཤྱི,14
གྷཱི,14
ཀྲཱྀ,14
རྣི,14
ཛེཾ,14
ནྟྱ,14
གྒ,14
ཨཱིཾ,14
ཛྙི,14
བྱྀ,14
ཛྷེ,14
ཧཱེ,14
ཙྭ,14
གྒི,14
སྨཱི,14
ཌྜ,14
རྗ,14
ཥཾ,14
ཧྭེ,14
ཎཱྀ,14
ནཽ,14
ཝཾ,14
ཌཾ,14
ཤྨཱི,14
ཌྜི,14
ཡཱཾ,14
དྷྲུ,14
དུཾ,14
ཀྲཻ,14
ཊྜྷྱ,14
ནྷ,14
ཀྶ,14
རྒྷོ,14
ཌྚ,14
ཀྟྲ,12
ལྐ,12
ཁྴོ,12
སྠཱི,12
སྀ,12
ཛྲིཾ,12
ཥྤཱ,12
ཚྀ,12
དྠ,12
སྐེཾ,12
ཪྩ,12
ཙྱ,12
ཤྟ,12
བཱཻ,12
རྒྷཱ,12
ཤྤུ,12
བྷྲཱི,12
ཊྀ,12
ནྱི,12
ཧེཾ,12
ཏྤཱ,12
ནྫ,12
ཏྱི,12
ཪྐ,12
མྲཱི,12
དྷཾ,12
ཕཻ,12
ཕཽ,12
ཌྱི,12
ནཱྀ,12
ཌྜེ,12
བྷྱེ,12
ངཾ,12
སྤཱུ,12
ཧྨྨ,12
ལྨ,12
ཛྲཾ,12
བྷྲེ,12
ཀྟྭེ,12
ཏྱཾ,12
ནོཾ,12
ཊཾ,12
ཚཾ,12
ཥྱེ,12
སྨིཾ,12
གྷྱུ,12
ཀྵྨི,12
མྦྷཱི,12
མྶ,12
ཋེ,12
ལླུ,12
དྦྷྱ,12
ཧྞྞ,12
ཪྞྞ,12
ཀཻཾ,12
དྟི,12
ཁྱཱ,11
རྡཱ,11
ཀྵྨཱི,11
ངྐི,10
ཧྲེ,10
ནྦྷ,10
གྒེ,10
ཤྭོ,10
དྷཱེ,10
བླི,10
དྲེཾ,10
ཧྲཱོཾ,10
མྤི,10
ཀཱེ,10
རུཾ,10
ཐྲི,10
སྦི,10
ཎྞི,10
ཧྭི,10
ཥྞཱུ,10
ཕཻཾ,10
ངི,10
ཤྨཱ,10
ཎྡ,10
མྚ,10
ཛྙཱོ,10
ནྷི,10
ནྱུ,10
ཀྲིཾ,10
ཤྵེ,10
སྟྲཱི,10
ཡུཾ,10
གྐ,10
ཏྞ,10
རྱོ,10
སྠོ,10
ཀྐཱ,10
རྫཱ,10
སྲཾ,10
བཱེ,10
བྥུ,10
དྷིཾ,10
རྒཱ,10
ཥྚཱྀ,10
ཛྙཱེ,10
ཀྟྲེ,10
ཏྶ,10
ཛྲཱིཾ,10
ཏྲིཾ,10
རྠེ,10
ཟུཾ,10
ལྒུ,10
ཉྫེ,10
ཪྠེ,10
དྡཱ,10
རྦྭ,10
ཏྠི,9
ཪྟེ,8
ཊཱུ,8
རྱུ,8
བྟཱ,8
ཀྵཽ,8
ཏྣི,8
ནྟྲཻ,8
ཥྚུ,8
ནྟྲོ,8
དྲིཾ,8
མླཱ,8
རྨྨི,8
ངྱཱ,8
ཀྴུ,8
སྦྱུ,8
ཤློ,8
ངྶ,8
ཏྠཱ,8
ཎྟ,8
ཛྷཱི,8
ཊླྀ,8
དྡྷཱི,8
དྦྷཱུ,8
རྐྐོ,8
ཏྣོ,8
རྩྀ,8
ཤྱཾ,8
ཥྚྲཱོ,8
ཐྭ,8
ཛྷཻ,8
རྡྷེ,8
ཪྡཱ,8
སྷ,8
ཋོ,8
ཛཱེ,8
བྷྲུ,8
ནྜི,8
ཎྱཱ,8
ནྡྲོ,8
ལྒོ,8
ངྑ,8
ནྡྲཾ,8
བྡྷོ,8
ཥྛུ,8
མིཾ,8
གྒུ,8
སྤཱ,8
གྴ,8
གྷྭེ,8
ཧྨི,8
ཙྩཱ,8
དྲཱྀ,8
གུཾ,8
ཀྟྱ,8
ཐཱུ,8
ཏླྀ,8
ཥྤུ,8
ཧྣེ,8
གྷྣཾ,8
འིུ,8
ཪྞི,8
སྣཱ,8
ཥྐེ,8
དྷཽ,8
སྭཱི,8
དྲཱུ,8
ཕླི,8
ཐྱ,8
རྒྱི,8
ཛྲཱཾ,8
བྷྱཱ,8
ཥྟ,8
ཛྭི,8
ཐཱེ,8
ནྡྷྱ,8
པཱེ,8
ནྠ,8
ཥྞེ,8
ངྴ,8
རེཾ,8
སྑ,8
བྡེ,8
ལླཻ,8
རྪ,8
སྱཱཻ,8
ཏྐཱ,8
ཤྲྀ,8
ཀྵཱུ,8
ཀྲཱུ,8
ཊྛ,8
རྒྱེ,8
ཤྚཱ,8
དཽ,8
ཎཻ,8
ཀྶཾ,8
གྷཾ,8
དྶཱ,8
ཏྟུ,8
ཏྲྱཻ,8
ཤྚི,8
དྷྷ,8
ཀྲུཾ,8
ཌྀ,8
ལྦཱ,8
རྩྩ,8
ཡཱེ,8
ནྡྷཱི,8
པྥུ,8
རྡྷི,7
ཛྭེ,7
ངཱ,7
རླཾ,7
ཥྥ,7
ཊྷ,6
དྷྨ,6
རཱོ,6
ཛྲཱྀ,6
ཧླཱ,6
ཅཱི,6
ཏྟྲེ,6
སྦྱྀ,6
ཚཱུ,6
ཛྲྀ,6
ཐུཾ,6
ལྩེ,6
སྱི,6
ལྱཾ,6
ཎཱེ,6
ཀྑེ,6
སྟཽ,6
ཊྱུ,6
ཪྩི,6
རྐྱི,6
སྟྭི,6
ཁཱུ,6
ཐྭཱི,6
རྨྨོ,6
རྦཾ,6
དྷྱོ,6
བྡྷ,6
གྷྲཱི,6
ནྡྷོ,6
ཀྴྭ,6
ནྷུ,6
ཏྚ,6
དྡྷྭེ,6
ཛཽ,6
ཌཻ,6
ནྡཱི,6
ཥྛྀ,6
རྣྞ,6
དྱཱཾ,6
ཊྚུ,6
མྲེ,6
ཌྡྷེ,6
ཥྚཱིཾ,6
དྷྲིཾ,6
ཎྠ,6
སྲུཾ,6
མྱཽ,6
རྩཽ,6
ཪྵེ,6
རྒྷཾ,6
སྕ,6
ཡཽ,6
སྒྲྀ,6
མཱེ,6
མཱྀ,6
པྟི,6
ནྱོ,6
ཀྒ,6
ཀྣ,6
ཌྲི,6
བྟོ,6
ཀྟྭ,6
དྟྱ,6
ཚོཾ,6
ཎྚཱ,6
དྐ,6
ཝོ,6
ལྗེ,6
ཌྷཱི,6
སླྀ,6
དྷྲུཾ,6
ཎྚོ,6
རྦྦཾ,6
ཤྲཱིཾ,6
ཎྛཱ,6
ལྦི,6
༒,6
ཌཱེ,6
དྦུ,6
ཪྦྷ,6
རྣེ,6
ལཱིཾ,6
བྷྲིཾ,6
ཏྲྱུ,6
དླ,6
ཀེཾ,6
ཏྟྭཱ,6
རྨྨཻ,6
ཛྫུ,6
ནྲཱི,6
ནྠཱ,6
དྦཱ,6
ནྜཱ,6
ཤྞ,6
ཧྫྱ,6
གྟེ,6
ཤྲཱུ,6
མྦྷེ,6
ཤྱོ,6
ཙོཾ,6
དྲཻ,6
ཥྚྀ,6
ཊཱཾ,6
ཥྚྲེ,6
དྦ,6
ཏྩ,6
མྨོ,6
རྱི,6
རྟྲི,6
དྡྷུ,6
ཀླཱ,6
ཪྨྨ,6
དྷཱྀ,6
སྟཱི,6
སྟྲཱ,6
ཀྲོཾ,6
ཊྛི,6
སྶྱ,6
གྐེ,6
ཤྣ,6
རྥུ,6
ཀླིཾ,6
ཎྟྲ,6
དིཾ,6
ཀྐཱི,6
བྡྷེ,6
ཏྨེ,6
རྦྦི,6
གྲཻ,6
པཱཾ,6
ཐྱེ,6
ནྶི,6
སྦཱ,6
སྛ,6
ཌཽ,6
པྡེ,6
ཇྲོ,6
བྣ,6
ཚྪ,6
ཨཱཻ,6
ཤླ,6
བྷེཾ,6
ཤཱེ,6
ཏྟྱེ,6
དྡྷིཾ,6
ཤཱཾ,6
ལླཱ,6
ཧྲཱཾ,6
ཌོཾ,6
ཏཽ,6
ཇཱི,6
ཥྟཱི,6
ཙྱེ,6
དྦྷཱ,6
ཁིཾ,6
ཥྠེ,6
གྲཱཾ,6
རྡྡ,6
བྷྲུཾ,6
ཧྭཱི,6
ནྠཱི,6
རྟྟཱི,6
ཎྱུ,6
རྐྐཱ,6
ཀཽཾ,6
ཏྐུ,6
གྷེཾ,6
ཥྟྲཱི,6
ཁེཾ,6
ཥྐཱ,6
ཙྪྲཱིཾ,6
ཪྒ,6
སྐྭ,6
ཀྡྷི,6
ཎཱིཾ,6
ཥྣཱི,5
ཪྦཱ,5
ཌྲེ,5
ཤྨྱ,4
སྟོཾ,4
དྷྭེ,4
དྲྱ,4
ཀྟྲཱ,4
ཎྠཱ,4
ཥྚཱོ,4
མྲྨིྀ,4
ལྱོ,4
གྱྶི,4
སྭི,4
ཤྟི,4
ཥྩི,4
ཎྛེ,4
མྤཱ,4
ཀྟྟ,4
ཙླཱི,4
ཝཱཾ,4
ཨཱེ,4
ཁྲཽ,4
ལྷེ,4
དྟྷྱ,4
མྷེ,4
ཀྑུ,4
ཪྡེ,4
ཀླྀ,4
ཙླཱྀ,4
ཙླྀ,4
ཊླཱྀ,4
ཎཱུ,4
ཥཱུ,4
ཕྲཱ,4
ཏྩི,4
རྟྟཱ,4
ཤྲཱྀ,4
སྟྲེ,4
ཊྱཻ,4
གྷྲོཾ,4
ཁྀ,4
ཌྡྷ,4
ཊཽ,4
ཪྤྱ,4
བྲཱུཾ,4
ཟྀ,4
ཤྟྲོ,4
གླེཾ,4
ཉྕ,4
ཥྣ,4
ཪྷཱ,4
ཛྙཽ,4
རྦྲ,4
སྐི,4
ཛྴ,4
ནྟྲེ,4
ནིཾ,4
ཀྚ,4
དྟྲ,4
རྣྣ,4
བྦེ,4
ཀྑི,4
ནྩ,4
ཥྠཱ,4
ཁྭཱ,4
གྡྷ,4
ཏྭཱེ,4
ལྨོ,4
བྲཱུ,4
ཧྲཾ,4
ཝུཾ,4
ཏྶི,4
ཧྲུཾ,4
ནྤ,4
གཱེ,4
ལཱེ,4
ཪྫ,4
པླཱྀ,4
བྲཱྀ,4
ཏླཱི,4
སླཱྀ,4
ཉྫྲ,4
ཀྵྞི,4
ཐླྷཱིཾ,4
སྠེ,4
མེཾ,4
ཎྞཱ,4
ཎྠི,4
ཏྤུ,4
རྐི,4
ཪྨེ,4
མྨྱཱ,4
ཀོཾ,4
དྡྷྭ,4
ངྐེ,4
ཁྷཱི,4
ཕྲེཾ,4
བྲོཾ,4
ཨེཾ,4
ཨཻཾ,4
གྷྣི,4
ཀླཱི,4
ཤྩྪ,4
ཎྷ,4
དྷྱཾ,4
ཪྠཱ,4
དྡྷྱོ,4
བོཾ,4
ལྡྀ,4
བྱུཾ,4
ནྟཾ,4
ཧྟ,4
པྲུ,4
ཥྚཻ,4
ཨུཾ,4
ཛྀ,4
ལྱཻ,4
པྷ,4
ཚྪི,4
རྦྷྱོ,4
ཉྩེ,4
བྷྱཱུ,4
སྤྱེ,4
པྲཱེ,4
ཀྱཾ,4
ཕོཾ,4
གྣིཾ,4
ཤྠི,4
ལྩ,4
ནྡྲཱི,4
དྱཾ,4
ཪྦི,4
ཪྤཱུ,4
ཌིཾ,4
རཱཾ,4
ཨྀ,4
ཎྱོ,4
དྷྷེ,4
རྦྷི,4
ཥྚྲཻ,4
ཥྜཱ,4
ཊྚོ,4
ཌྱཱ,4
ཎྡྲ,4
སྨཻ,4
ཙྷཱ,4
ཚྷཱ,4
ཤྷ,4
མྷོ,4
བྷིཾ,4
ཊྒ,4
ནྟྭ,4
ཛྣཱ,4
དྣེ,4
ཛྙྣ,4
ཛྭོ,4
ལྐཱ,4
ངྷི,4
ཀྴཾ,4
ཪྨཱ,4
ཤྠཱ,4
དྲྱཻ,4
ཊྭཱ,4
བཱྀ,4
ཀྟྱཱ,4
ཊྐ,4
ཧྲཽ,4
ཌྒཱ,4
ཕིཾ,4
རྩྩི,4
བྨ,4
པྤུ,4
ཉྫོ,4
དྡུ,4
ཎྲྀ,4
རྱཱི,4
ནྷེ,4
ཊྠི,4
ཧཱོ,4
ཙྩེ,4
ཪྒྷོ,4
ཡེཾ,4
ཛྫེ,4
སྠཾ,4
ནྱཾ,4
ཛྲཱོ,4
ཛྷྱོ,4
བྶ,4
ངྔྷ,4
ཀྵྞོ,4
ཌྷཾ,4
སྐྲཱི,4
ཕྲྀ,4
རྡྡྷ,4
ཀྴེ,4
རྦྀ,4
རྤུ,4
རྞོ,4
མྤྲ,4
གྷཱེ,4
དཱཻ,4
སླི,4
དྷྲཽ,4
ཛླིཾ,4
བླིཾ,4
ཪྵུ,4
ཎྜྷ,4
ཀྟུ,4
སྟྲཱཾ,4
༓,4
དྣཱ,4
ཊྭི,4
པྶ,4
ཀྵཱིཾ,4
སྟིཾ,4
སྱཾ,4
མྱཱ,4
ཤྐྲ,4
ཥྤྲེ,4
ཪྣ,4
ཏྭྀ,4
ཏྠུ,4
ཙྱཱ,4
རྞྞི,4
གྷཽ,4
ནྦི,4
ཪྦེ,4
རྦཱི,4
ཥྱུ,4
རྒྷུ,4
ནྡྱ,4
ཙིཾ,4
བྲཻ,4
ཚིཾ,4
རྦྦཽ,4
ཐྷཱ,4
གྟྭེ,4
ཚྩ,4
རྐྱུ,4
དྷྷི,4
ཤྤ,4
སྷཱ,4
ཁྭྱ,4
མྟ,4
ཏྟྲོ,4
རྦྷྱ,4
གྭཱ,4
གྷྣཻ,4
རྡྷྱ,4
དྟཱི,4
ནྭཱ,4
ཎྚཱི,4
པཱོ,4
དྡྷྷ,4
རྞཱཾ,4
དྡྷྱཱ,4
ཪྫཱ,4
ཀྐྲ,4
གྨ,4
ཛྙོཾ,4
དྲྭ,4
ངྑི,4
རྦྤཱ,4
སྥི,4
གྷྀ,4
གྣཱ,4
ཧྶྣཱ,4
པྲཱྀ,4
ལྒཱ,4
ཎྞོ,4
བྷཱེ,4
ནྔྷུ,4
ནྣོ,4
ཀྐྭ,4
པྀ,4
གྒྷ,4
དྨི,4
ཎྡུ,4
མླེ,4
དྡྲ,4
ཊྱོ,4
ཋྞུ,4
སྷྱོ,4
ཏྤྲ,4
ཧླྀ,4
ཧླཱྀ,4
ལྷཾ,4
ངྒཱི,4
ཌྞེ,4
དྒི,4
ཧྨོ,4
ཛྫཱ,4
ཛིཾ,4
དྡྱ,4
ཥྵ,4
ནྦ,4
ཐྐ,4
ཏྱཱཾ,4
ཎྛི,4
ཪྦྷཱུ,4
པྚ,4
ཊྤཱ,4
ནླ,4
ཥྚཱཾ,4
དྲཻཾ,4
ལྟྟོ,4
དོཾ,4
རྒཾ,4
ཎྱཾ,4
བྚུ,4
ཧྨཱི,4
རྡཱུ,4
སཱཾ,4
ཀྴྨ,4
ཐེཾ,4
ཛྷཽ,4
མྲཱུཾ,4
སྲཱུ,4
ཊྚྱུ,4
མྤེ,4
མྴ,4
ཧཻཾ,4
ཙྱོ,4
ཛཻ,3
ཙྩི,3
ཤྭཱི,3
ཁྲྀ,3
ཪྟྭ,2
ཪྡྷཾ,2
བྦྷི,2
ཏྲྱཱ,2
ཏྶུ,2
མྲྨྀ,2
པྟྲཻ,2
དྷཱོ,2
ཧྨྨཱ,2
ཀྵྞེ,2
ཌྨུ,2
ཌྦྷུ,2
ཡྱེ,2
ཏྨྱོ,2
ཪྤཱི,2
དྡྱི,2
ཏྭོཾ,2
མྱཻ,2
རྙཻ,2
དྐྵི,2
སྡཾ,2
རོཾ,2
ཪྷུ,2
ཙྡ,2
ཛཱཾ,2
སྣཱི,2
ཏྐྵཱ,2
ལེཾ,2
ཙྱི,2
དྔྷྱ,2
མྟྲ,2
ཥཻ,2
སྟྭེ,2
ཌྷཱུ,2
ཀླཱྀ,2
ཌྲཱྀ,2
ཌྲཱི,2
ཪྞཱ,2
ངྦི,2
ཤྤྲ,2
ཪྤྤི,2
པྡྷ,2
དྔྷཱ,2
ཥྟྲོ,2
ཤིུ,2
ཥྷ,2
ཥྜཱི,2
བྥེ,2
ཀྡཻ,2
སྔི,2
ཊྨ,2
ཉྫྭ,2
སྨྤ,2
དྐེ,2
ཏྐི,2
ཛྫྭ,2
ཀྵྨྲཱི,2
མྒྷྲ,2
སྡྷི,2
ཉྩཻ,2
ནྐ,2
ཏྦྷ,2
པཱཻ,2
ཀྵྩ,2
ནྩཱ,2
དྡྷྱུ,2
ཊུཾ,2
ཛོཾ,2
གོཾ,2
ཎྲྱུ,2
ཨཱཻཾ,2
ཪྷྱཾ,2
སྴི,2
ཀྵླི,2
ཐྱཱ,2
ཛླི,2
ཏྠེ,2
སྟཱུ,2
དྦི,2
ཥྭེ,2
ནྠཱཾ,2
མཱུཾ,2
ཤུཾ,2
ཁྑ,2
ཛྟཻ,2
ཪྨི,2
ནྒ,2
སྶེ,2
ཪྦྦ,2
སྤྲྀ,2
དྡྷྱེ,2
གྷྲེ,2
ངྫྭ,2
རྱཱེ,2
ནྱཽ,2
ཊཻ,2
ཧྣཽ,2
ཛཱོ,2
དྲཾ,2
ལྤོ,2
ཀྚཽ,2
གྦ,2
ནྜྲ,2
ཤྤཱ,2
གྷྞ,2
ཏྱཻེ,2
ཉྫྱུ,2
གྟོ,2
ཏྛ,2
པྴཱ,2
བྷཱཻ,2
ཇྲ,2
ཛྙུ,2
ཥྥེ,2
ལློ,2
མྟུ,2
ངྒུ,2
ཏྩྪ,2
ངྒྷཱ,2
དྟྭ,2
ཪྐུ,2
ངྦྷུ,2
ཥྣི,2
སྭེ,2
སྭཻ,2
སྲཽ,2
ངྱོ,2
ཧུཾཾ,2
ཤོཾ,2
སྡྀ,2
ཏྐོ,2
ཀྟྱེ,2
དྡི,2
ཨྭི,2
ཀྐཱུ,2
གྟྲ,2
ངྷྭ,2
གླྀ,2
སྦྱེ,2
གྷཱཾ,2
ལྦཱི,2
ཪྟཾ,2
པྒ,2
པཱྀ,2
བླཱྀ,2
བླྀ,2
ཥྲྀ,2
ཥྲཱྀ,2
ཎྱི,2
རྣྡྷ,2
ཇཱིཾ,2
ཎྱྀ,2
ཪྶ,2
ཥྤྲི,2
སྙཱ,2
ཉྫཱི,2
དྭཾ,2
ཏྲྷྲེ,2
ཪྴི,2
ཥྐཱེ,2
ནྚཱ,2
རྷྡྱ,2
དྷྭོ,2
ཪཱ,2
ཋཱི,2
ནྶུ,2
མྤྲི,2
ཤྨཱེ,2
ཧླཱིཾ,2
དཱཾ,2
ཀྐྲོ,2
ཀྵཽཾ,2
ཥྵེ,2
ཪྦྷུ,2
མྤུ,2
རྞཾ,2
ཊྚཻ,2
ཏྱཱེ,2
ཇྱོ,2
ཅྟི,2
རྦྒུ,2
བྫ,2
ཨྴུ,2
ཟླེ,2
སྭྤ,2
ཀླཻ,2
དྒྷེ,2
དྐུ,2
རྦྤ,2
གེཾ,2
ནྟཻ,2
ཛྤྲ,2
དྐྵཾ,2
རྦྦྷ,2
ཙྩུ,2
རྡྷཱེ,2
ཏྟཱཾ,2
དྷུཾ,2
བྣོ,2
རྩྪཱ,2
རྒྒེ,2
ངྷྷ,2
མྦྱ,2
ཎྜཱྀ,2
ནྪ,2
དྭོ,2
ཎྜྱཻ,2
ངྑཱ,2
རྡྲེ,2
ཥྱི,2
དྣཾ,2
ཕཱེ,2
ཪྞྞི,2
མྨྱ,2
ཪྨཾ,2
མྦྷུ,2
ཪྒྷ,2
རྷེ,2
ཏྒྷ,2
ལྒི,2
ཊཱྀ,2
པྣི,2
ཀྷེ,2
ཀྟིཾ,2
ཀྵཱཾ,2
གྷཱྀ,2
ཪྞཾ,2
ཪྵཱཾ,2
ཐླྷཱི,2
ཥྟཱ,2
ཪྦུ,2
ཛྲུ,2
ཛྫོ,2
ནྩོ,2
དྐི,2
ཪྴཱ,2
སྟྷ,2
ནྟྀ,2
དྱཱི,2
ཛྙཾ,2
ཊྣ,2
ཉྪ,2
ཛྙིཾ,2
ཧྱོ,2
ཪྱུ,2
ཥྚྱ,2
ཌྱེ,2
རཱཻ,2
རྦྷཱུ,2
ཤྜཱོཾ,2
ཅྱུ,2
ཏྨྨཱ,2
ཪྞྞཱ,2
ཉྩུ,2
དྲཱེ,2
ཊྲེ,2
ཎྣ,2
ཏྦྷུ,2
ཊྚྲི,2
སྷྱ,2
ཟཱ,2
པྷཱ,2
ཛྭཾ,2
སྨྲུ,2
དྷྷོ,2
དྡྷྲི,2
ཀྡི,2
ཀྵྱི,2
ཉྩཾ,2
གྦི,2
ཥྦཱ,2
མྟཾ,2
ཨྣུ,2
ལྶ,2
སྟྲོཾ,2
ཞུཾ,2
ནྡྷཾ,2
ཏཱུཾ,2
ཤོུ,2
སྟྱཱ,2
གྷཱོ,2
ཕཱིཾ,2
ཕཽཾ,2
ཡྟི,2
ནྡྲྱཻ,2
ཀྵྨྱཻ,2
ཙྪཱི,2
ཀྵྱཻ,2
དྑ,2
ཥྚཱུ,2
གྐུ,2
གྴི,2
པྱེ,2
རྦྠ,2
ཊྷེཾ,2
དྡྷྲྀ,2
དྤུ,2
སྡྷེ,2
ནྠེ,2
རྡྷུ,2
ཇིཾ,2
པྤི,2
རྨྨཱེ,2
རྨྤ,2
ཏྡྷ,2
ཪྞྞོ,2
ཌྷྲོ,2
དྦྷྱུ,2
དྷྱཱུ,2
ནྛཱ,2
ཏྲོཾ,2
ཀྲཱཾ,2
སྩེ,2
རྡྲ,2
མྑྱ,2
སྦཱི,2
ཀྲྭ,2
གྐྲེ,2
ཨྱཱེ,2
ཀླེཾ,2
དྴ,2
ཊྩ,2
ཤྲཱེ,2
ནཱིཾ,2
ཊྱཱ,2
ཇྱ,2
རྟྨ,2
སླཱི,2
ཥྲི,2
ཥྲཱི,2
སྟྲོ,2
ཤྴུ,2
ཀྭེ,2
རྷི,2
རྕེ,2
ཥྟི,2
མཱིུ,2
ཥྚྲྲ,2
སྟྷྨ,2
ཥྭི,2
ཛྷཻཾ,2
ཁུཾ,2
རྒྷེ,2
བྣཾ,2
སྡེཾ,2
རྨྱེ,2
ཌྡྷྱ,2
ནྤུ,2
ཪྞཱཾ,2
གྟི,2
རྦྦྷེ,2
ཥྨཱི,2
ཇྭཱ,2
ཧྲཱུ,2
ངྒོ,2
ཌྵ,2
སྚ,2
ཛྭཱི,2
ཧྲོ,2
གཱོ,2
རྟྣ,2
དྦྷེ,2
མྙ,2
ཪྷྷ,2
རྠྠཱ,2
སྟྲྱ,2
ཀྤྲ,2
སྠཻ,2
རྟཱེ,2
ལྩོ,2
རྦྷཱི,2
སོཾ,2
ཙྐྲ,2
པྶཾ,2
སྷྲྱ,2
དྡྷྭཱ,2
ཧྲཱེཾ,2
ནྭ,2
རྦྷཱེ,2
ཡྱོ,2
ངྷཱ,2
ཀྵྪོ,2
ཀྭོ,2
བེཾ,2
ཏྟྲྀ,2
ཥཱིཾ,2
ཧྨཱེ,2
ཛྷླཱ,2
ཥྛླ,2
ཏྷྲ,2
ཁྷ,2
དྡྷྭི,2
དྷྲེཾ,2
སྐྲོཾ,2
ཐྵ,2
ནྣཱི,2
ཏྦ,2
རྤཱི,2
ལྱཱེ,2
ཧྞྞཾ,2
སྱུ,2
ཌྜྷྱཱ,2
ཧྞཱཾ,2
ཀྐཾ,2
མྨྱེ,2
གྷྣཱི,2
ཁྨ,2
ཀྠི,2
ཌཱཾ,2
རྡྱེ,2
དྟེ,2
ཤྐེ,2
མྦྦ,2
རྫྫེ,2
དྱཽ,2
ཝྭེ,2
རྡྟི,2
ཤྭཾ,2
ནྜྷྱ,2
ཉྩཱི,2
རྨྣ,2
ཪྡྲཱ,2
ཪྦཾ,2
ནྫྭ,2
ངྒྲི,2
ཏཻཾ,2
ནྛ,2
མྱཾ,2
མྦྷོ,2
སྙཾ,2
ཤྛཱ,2
རྟྞ,2
ཀྵྲི,2
ཧྐ,2
ནྩི,2
ཎྡོ,2
བླེ,2
པྦྲ,2
ངྒྲ,2
ཧྱཱེ,2
རྦཻ,2
ལླྀ,2
ལླཱྀ,2
ཀྵཱེ,2
ཌྱཱི,2
ཥྜ,2
མྲཱྀ,2
བྷྲཾ,2
ཛྷྲ,2
ཙྵུ,2
ཤྵུ,2
དྞི,2
སྟྀ,2
ཏྟྲི,2
ཀྷ,2
རྡྡྷཱ,2
པྦཾ,2
ཛྱཱ,2
ཥྚྲཽ,2
ཪྵྱ,2
སྨཱིཾ,2
པཻ,2
ཥཱཾ,2
ཛྗྷེཾ,2
སྫ,2
ཉྱ,2
ཏྟཻ,2
ནྜཱི,2
སྚི,2
ཪྚ,2
རྒྷྲ,2
ཀྣི,2
ཧྟཱ,2
ཡྟཱ,2
ཪྟཱ,2
ཝྟ,2
ལྟཱ,2
དྫ,2
ཏྶེ,2
གྷྲཱྀ,2
ཋྚྲོ,2
ངྦ,2
ཞྭུ,2
ཏྟྲཻ,2
ཌྲོ,2
ཅྡ,2
རྜྷྲི,2
ཋཱེ,2
ནྡྷཻ,2
ཕྲིཾ,2
རྟྲ,2
མྲུ,2
མྦཱེ,2
དྷཱཾ,2
ཤྷེ,2
ཊྷོ,2
རྦྷྜྷཱ,2
ཪྪི,2
སྥཱོ,2
ཀྵེུ,2
རྞྣ,2
གྨེ,2
གྨོ,2
ཊྛེ,2
ཛྷེཾ,2
ཥྣུ,2
ཙྪཱེ,2
རྡྭེ,2
རྟྡྷཱ,2
བྱིཾ,2
ཌྦྷཱུ,2
རྨྨཾ,2
ཏྷུ,2
ཎྱཱེ,2
ཀཱོ,2
བྷྱཾ,2
ལཱོ,2
ལྟྭ,2
ཀེུ,2
དྡྷྷཱཱ,2
དྪ,2
ཏེཾ,2
ཧྣུ,2
གྡ,2
རྫཾ,2
ཤྚེ,2
ནྟྱེ,2
ཁྵུ,2
ཪྵི,2
ཀྵྚྞྞ,2
ཧཱྀ,2
ལྐི,2
ཪྣི,2
ཙྷོ,2
ཥྱཱཾ,2
ཤྛ,2
ཏྟྲཱ,2
ཎྚྱུ,2
སྶཾ,2
ཌཱོ,2
པཻཾ,2
ཊྡྷྱ,2
སྦྦ,2
ཡྷི,2
བྒཱུ,2
ཊྵ,2
ཤྜི,2
ཎྡྷཱ,2
ཥྞྱུ,2
རྟྱ,2
སྥྱ,2
ཏོཾ,2
ཡྨ,2
ཊྚྡྷྱ,2
རྟྟྀ,2
ཛྲེཾ,2
བཱིཾ,2
ནྡྷྭ,2
ནྡྭ,2
ཞོཾ,2
བྙཻ,2
ཌྜཾ,2
གྡི,2
ཅིུ,2
ཀྱེཾ,2
ཏྭཻ,2
ཤྴ,2
རྡྡེ,2
ཀྵྞྣ,2
ཪྡྷོ,2
ཆྀ,2
ཙྪཽ,2
དྫེ,2
དྲཱུུཾ,2
ཥྚྲཱཾ,2
སྶྭ,2
ཀྨཱ,2
ཛཱེཾ,2
རྦཱཻ,2
ཐླྷིཾ,2
ངྴོ,2
པྲེཾ,2
དྷྱཱཾ,2
བྷྱེཾ,2
དླི,2
ཧླཱི,2
ཀྵླཱི,2
ནྜོ,2
ཐྫ,2
སྟྲཾ,2
ཁྱཱི,2
སྣྣེ,2
གྣཱི,2
ཥྤྲ,2
རྠྱ,2
རྙུ,2
ནྶོ,2
ཎཽ,2
ཛྲྭ,2
རྞྞྀ,2
ཕཾ,2
གྦྷ,2
ཛྫྷ,2
བྦཱ,2
ལླཱུ,2
གྷྲོ,2
ཌྞ,2
དཱོ,2
རྟྟེ,2
དྷྭྭ,2
ཝྱ,2
སྨྀ,2
ནྚི,2
ཊྜྷ,2
དྲཱཾ,2
ཊྲཱ,2
ཌྫ,2
རྠྠེ,2
གྞ,2
ཋཱུ,2
ཌྷྀ,2
ཌྷཱྀ,2
པླྀ,2
ཌྷྲ,2
པྲིཾ,2
ཤྣི,2
ཅྪཱ,2
མླ,2
རྡྱཻ,2
ཥྞཻ,2
མྷི,2
རྡྷོ,2
འོཾ,2
ཥྴ,2
སྟྭཱཾ,2
ཌྷྲྀ,2
ཊྡྷ,2
ཁྑཱ,2
ངྟ,2
དྒཱ,2
མྭ,2
རྐཾ,2
སྟུཾ,2
མྞ,2
ཀྵྀ,2
དྒུ,2
ཎྡཱི,2
ཊྨུ,2
ཀྴྨི,2
ནྟྱཻ,2
བྱཱཻ,2
ཪྞེ,2
ཉྩྱ,2
ཏྲཱེ,2
མྤྱ,2
ཏྷྟ,2
ཥྟེ,2
ཏྱིཾ,2
བྷཻཾ,2
ཙྱཱཻ,2
ཎྟི,2
སྕོ,2
པྷཱུ,2
ཛྲུཾ,2
མཻཾ,2
ཐླྷཱེཾ,2
པྙ,2
ཧྱཾ,2
ཪྡི,2
རྣཱ,2
ཀྵླྀ,2
ཀྵླཱྀ,2
ཐྐཱ,2
ཀྴོ,2
ལྐྱོ,2
ནྟྟོ,2
གྲིཾ,2
ནྫི,2
གྒྲ,2
ཥྤཾ,2
ལྱེཾ,2
ཏྲྱཾ,2
ཏྲྭེ,2
ཏྴ,2
ངྡྷ,2
ངྷོ,2
ཏྲཱཻ,2
དྭཱཻ,2
མྤོ,2
ཪྴེ,2
ཡྭ,2
ཧླི,2
ཀྴྷཱུ,2
རྡྡཱི,2
ཀྵྨཱ,2
ཤྷི,2
དྡྷཱོ,2
ལྩུ,2
པྟོ,2
མཱཽ,2
སྒྲུུ,2
རཱིཾ,2
ཉྫཱུ,2
ཏྐེ,2
རླེ,2
པྭ,2
ཌྟཱི,2
རྡོེ,2
ཤྷྲི,2
རྒྒྷ,2
དྭཱེ,2
ཥྀ,2
ནྲཱྀ,2
སྟྲཱུ,2
ཎྩཻ,2
སྐུཾ,2
མྦཱུ,2
ཙྖ,2
གླཱིཾ,2
ཀླཽ,2
ནཱོ,2
ཁོུ,2
ཤྠེ,2
སླཱ,2
དྶི,2
ཥྔ,2
ཥྤི,2
ཥྠྱ,2
ལྕྀ,2
ཧྶ,2
པྤཱ,2
པྥྦྦྷྨཱ,2
ཏྠྡྡྷྣ,2
ཏྠྡྡྷྣཱ,2
ཀྑྒྒྷྔ,2
ཀྑྒྒྷྔཱ,2
ཙྪྫྫྷྙ,2
ཙྪྫྫྷྙཱ,2
ཊྛྜྜྷྞ,2
ཊྛྜྜྷྞཱ,2
པྥྦྦྷྨ,2
བྲཱིཾ,2
ཇྭ,2
ཏྲེཾ,2
ཥྚྚཱི,2
ཨྱ,2
ཐྤ,2
བྡཱ,2
ཏྱཱུ,2
དྡྷཱཾ,2
དྡྷཾ,2
ཎྜཾ,2
ཪྴཾ,2
དྷཱུཾ,2
རྡཾ,2
ཛྲཻ,2
ཤྵཱ,2
ཙྪཾ,2
ཀྴྞ,2
ནྤྲ,2
ཤྲཱཾ,2
དྱཻ,2
ཌྚེ,2
པྶོ,2
ནྟྟི,2
ཧཽཾ,2
རྠཱེ,2
ཧྨཻ,2
ཤྣཱ,2
ཀྩཱ,2
ཨོཾཾ,2
ནྞ,2
ནྡཾ,2
ཐྲ,2
སྠཱུ,2
ཊིཾ,2
ཤྛི,2
ཊྡ,2
མྟི,2
ངྲཻ,2
ཧཱཱུ,2
གྡྷེ,2
ཛྫྷེ,2
ཝཱྀ,2
སྣྲ,2
བྵུ,2
ཌཱྀ,2
ཏྟྲཾ,2
ཛྣི,2
བྱཱཾ,2
རྟཾ,2
དྨཽ,2
ལྒེ,2
ཙཻུ,2
ཏྟཱེ,2
གཱཾ,2
སྦྲྀ,1
ཧཱུཾཾ,1
བྱཱི,1
ཊྷྲ,1
ཀླཱིཾ,1
ནཱོཾ,1
རྟྷ,1
ཀྵཻ,1
རྩཱུ,1
༆,1
ཊཱོ,1
སྒྲིཾ,1
ཨྭ,1
