Stack, Frequency
ཡ,555288
ན,4976506
་,49958214
ལ,2544226
ག,5551799
རྒྱ,508348
མ,4515634
ཚོ,177054
ཐ,450584
ས,8394339
ཅ,552923
ད,6610219
ང,5442575
ལྡ,333372
པ,5108118
།,6201993
ཟུ,119626
ཀྱི,896311
སྒོ,74858
ཆོ,379355
ར,3765547
བ,5344360
རི,276740
མེ,383108
འི,1634515
དོ,385028
གྱི,462898
སྒྲོ,14594
ཞེ,286969
བྱ,860655
ཞི,614933
གི,349642
རྡུ,14619
ཤི,207493
ཏུ,361203
ཕྲ,47106
སྙེ,46833
པོ,640950
སྙི,52407
དུ,955903
ཿ,31960
རྣ,712641
མི,492209
རུ,59059
བྲི,18797
སྔོ,43455
སྐུ,51006
སྐེ,1681
རྗེ,159328
ཐོ,254675
ཞུ,85068
ཀ,148979
ནི,640017
ཁ,232673
སྣ,100634
ལྔ,47766
ཅི,366284
རྒོ,6341
༺,465560
ལི,483831
ནེ,471153
༻,465559
རྩ,59501
སྲོ,24995
ཅུ,87975
རྟོ,63517
འ,2939366
ཁོ,142635
གྲུ,64059
བུ,351687
སུ,534489
ཐུ,87700
བྲུ,8575
ལྷ,165336
རྡོ,79594
སྒྱེ,389
གོ,151485
ཞ,173052
རྫ,9769
ཤོ,14118
ཙ,74001
ཆ,134173
ཤེ,471303
རྟེ,107662
ཡུ,58603
སྔ,96942
དྲ,81425
བྲ,110280
སྟོ,276620
ཛི,87291
སྦྲེ,547
ཧཱ,41779
དེ,1383694
ཏི,91129
ཛ,60145
ཤ,88738
ཀྃ,909
ཧཱུྃ,39478
རཱ,9706
གྲ,85435
བོ,140101
རྦ,13260
སེ,509908
ཧཱྃ,387
མུ,39330
ཨ,34325
མཱ,7278
སོ,436223
ཇི,228785
ཡི,505395
དྲི,50567
ཟླ,41686
རྟ,90383
སྐྱེ,195423
སྟ,82868
ཕོ,25037
འོ,411289
ཅོ,233871
བྱེ,309050
བྱི,85452
ངོ,236178
ཕྱུ,24178
ཕ,232150
བྱུ,145981
སྲེ,24933
ཉ,109827
ཆེ,344436
ཕེ,12132
མོ,195840
ནྲྀ,180
ཐི,11097
སྒྲུ,38137
སྨུ,120
ཁྲ,14047
ནོ,143688
ལྟ,360736
གེ,214860
སློ,114874
དི,373052
ཉེ,89167
ལེ,79329
ཕུ,45288
བྱོ,75588
སྟེ,245313
པེ,21905
ཉི,477437
གྱུ,425556
བླ,65710
ཏེ,333901
ཉུ,5296
གྱོ,7384
ཀྱ,194487
ཆུ,314865
རྐ,18557
ཕྱེ,23283
རྩྭ,3386
རྨོ,5982
གྲོ,144271
ཚ,244482
སྤོ,31549
ཚེ,124114
སྨོ,31413
རྐྱོ,150
ལོ,122682
མྱི,183668
མྱེ,130956
རོ,272164
རེ,84988
ཕྱ,75324
ཅེ,99921
སྦྲོ,212
སྐ,113610
ཞོ,30821
ནུ,50015
ཟ,156970
སྤྱོ,114779
ཇ,20509
སྩ,53039
སྦྱོ,47677
ཏོ,136871
ཙུ,43080
གླི,9762
ཏ,147314
མྱུ,12154
སྙུ,1937
སླ,58642
རྫོ,90808
རྔོ,1863
རྩོ,41051
ཚུ,98092
དྲུ,44530
སྲི,39705
རྒ,13842
སྦྱི,64700
ཕྱི,322882
ཁྲི,54556
ཟོ,33698
ཁྱོ,55859
ཁྲུ,22314
ཇུ,49889
སྤ,27097
སྷོ,2696
ཡོ,306550
ཀུ,153800
དྲེ,22416
རྒྱུ,73383
ཁྱེ,88853
ལྕེ,16582
ལུ,98999
སྒྲ,42333
རྐྱེ,25015
རྫུ,19650
ཕྲུ,28599
སྐྱོ,26398
ཤུ,21520
སྡེ,20460
སྐོ,24608
ཀོ,21382
ངེ,61098
ཇོ,12607
ཕྱོ,52394
སྡུ,57519
སྦྱ,27653
ཉོ,27650
བློ,29412
སྨྲ,94612
ཨུ,11076
ཟི,39500
རྗི,6414
རྙེ,21375
སླུ,2838
ཕྲོ,10362
སྐྱ,13650
རྐུ,4681
སྲུ,28442
ཆི,80575
དྲོ,5513
ཕྲེ,13418
རྩི,14709
སྤུ,7965
སྤྱ,34759
ཛེ,17293
པུ,16727
ཁྱི,37354
རྩེ,26271
སྤྲི,13010
བཻ,4094
དཱུ,2934
རྱ,5733
སྨི,20283
སྒྲི,10252
ཀྱེ,15308
ཐེ,38847
འུ,32422
གུ,52681
ཚི,60773
ཁྱ,34177
སྡོ,10766
རླུ,15652
ཅྭ,5650
ཙོ,14021
སྤྱི,6877
སྨ,20304
སྣོ,9195
ཎ,10915
ཌ,3272
ལྡི,4248
གཱ,6517
ཀླུ,25206
དྷ,24549
དྷི,7110
ཡེ,54684
སྭཱ,25272
བྷ,13794
ཨོཾ,39492
ཛྃ,565
ཏཱ,6590
ཧ,22953
ཊ,28779
ཀྵ,5739
ཨི,3229
དྷཱ,4435
སྤེ,1449
ནཱ,9518
ཧྭ,188
ཧོ,4079
བི,22016
ཥ,4804
ཧི,7715
ཙི,6474
ཧེ,7156
དྷེ,2425
ཏྲ,6056
བྷུ,2042
བྷེ,930
པྲ,11063
ཎི,8166
ཥྛ,1745
དྷུྃ,32
ཀི,6510
བྷི,3586
སི,13246
རྦྦ,8959
བེ,25239
སྐྲུ,562
ཀེ,8864
མཱི,587
ཧཽ,51
གྷེ,224
དྲཱ,894
ཨཱི,434
ཨཱ,12645
བཱ,5906
ནྀ,276
སཱ,4570
ལཱ,2621
ཀྵི,842
བྷཱུ,1068
ཨཱུ,299
ཧྨ,458
ཎེ,1003
དྷོ,433
ཥྞ,342
ཀཱ,9356
ཧུ,5223
སྱ,1934
མྱ,41184
དྷྃ,202
ཛྷ,235
ཛྲ,22035
ཉྩ,1618
ཏྣ,1922
ཡཱ,3345
རཻ,59
ཁེ,4962
ཧྲི,1340
ཨེ,4937
ཧྱེ,575
ཏྭ,2299
ཛྭ,2868
ནྃ,1038
པྲི,835
ཕྲི,3965
སྙ,58246
ལྡོ,11870
ལྟུ,21642
ཛོ,8403
སྒྱུ,27208
ཀྲི,4192
གླ,12050
སྡ,13369
ཇེ,3116
སྤྲོ,10624
བྲེ,11686
སྤྲ,2878
སྒུ,1015
རྨ,8429
རླ,17991
ལྗ,2283
ཙེ,2316
སྲ,18671
ལྟོ,7241
རྡ,5828
ལྗོ,6063
སྦྲུ,4216
ཤཱ,31343
ཟེ,51840
གླེ,6262
ཁྲོ,22148
གཽ,3965
ཀཽ,5085
ཁུ,13046
ཀླ,4710
དྭ,16060
ཀྱོ,308
སྐྲ,12334
ལྐུ,882
རྨུ,805
ཐཱ,12745
སཱུ,1430
པཱ,9588
ཋ,573
སྙོ,31273
གྲི,14863
རྟུ,5104
གླུ,4286
སྒེ,1011
ཀློ,4825
སྦོ,4286
ལྷུ,13827
སྤྲུ,11373
རྗོ,50041
སྡི,18622
ཤྱ,424
ལྕ,6990
ཀྱུ,2747
མྱོ,12436
ཟློ,8176
ནྱ,2140
རྫི,4249
བྲོ,5167
ངུ,14060
ཀྲུ,5796
༈,532
ལྷོ,6707
ཤྭ,3542
ཀྲེ,2412
༔,204
རྣཾ,1212
ཐཾ,1135
རྡེ,2126
འཾ,109
ཁྱུ,5025
སྩོ,4498
མཾ,252
རྱཱ,731
ཏྱ,1065
རྞ,411
གྲེ,3211
རྙ,6893
སྃ,3394
གྷ,3864
ཀྵཱ,227
རྃ,1405
པྲཱ,428
ཛྙོ,102
ཧཱུཾྃ,20
ཪྠ,136
ཤཱི,1062
གྷྲཾ,64
སྦ,6027
ཀྲ,8032
༄,1568
༅,1695
ཧྲྀ,714
ཡཾ,208
ཀཱི,1980
ཀྲོ,4554
ཎྜ,2165
མྦྷ,803
ནྡྷ,1794
སྟི,8694
ནཱི,2976
སཽ,385
ཧཾ,300
པི,3913
ཪྟྭ,2
ཏྠ,102
ཪྟེ,8
ཪྨ,42
དཾ,242
ཙྪ,2771
ཏྟ,1328
ལྦ,127
མྦ,196
ཧཻ,55
ཧཱུཾ,499
ཏཾ,210
ཏྟྲ,41
ཛྙ,248
ཀྲྀ,1313
ཏྲི,2072
ནྟུ,754
ནྟི,433
ངྒ,365
ཤྩ,705
དྃ,994
གྷྲྃ,284
ཛྙཱ,3588
ཊཱུ,8
ཎྜེ,183
ཪྡྷཾ,2
ཛྲེ,915
བླུ,3882
རྣོ,2356
དཱ,3159
ཝཱ,621
ཝ,3705
རྡྷ,238
ཏྭཱ,2090
སྨྱི,2614
ཛུ,9312
ཧཱུྂ,329
གྲྀ,1619
ཧྞ,1152
ཧྞཱ,264
དྱཱ,909
ཛཱ,2441
ཥཱ,867
ཡྃ,1249
སྐྱི,2910
ལྤ,2242
རློ,13301
སཱི,1552
རྒུ,1016
སྣྲོ,149
སྭ,2493
བྷཱ,2273
ཥྞཱི,390
སཾ,846
ཥྛི,493
ཥྛཱ,263
ལྕི,2332
སྨྲི,1115
རྐྱ,4811
དྨོ,534
ཧྣ,276
ཙྪེ,269
ཤྕི,32
དྱ,3408
སྐཱ,180
ཤྩི,192
སྟྲཻ,251
དྷྭ,460
བྷྱ,5908
སྟུ,2089
སྦུ,1775
ཥྚ,1307
པཱུ,2359
ཪྟ,28
ནཱྃ,3106
ཤྨྱ,4
སྥཱ,238
མྃ,1341
ཁྃ,876
གྱེ,10448
རྨི,6578
སྒ,421
རྔུ,2304
ཊྷ,6
ཁྭ,574
ལྦུ,96
སྐྱུ,2119
རྔ,5432
ལྡེ,2273
སུཾ,228
གྷུ,950
རྨེ,1201
ནྡཱ,64
ཏྤ,1234
རཱི,1625
ཁིྃ,14
ཤྲིྃ,22
ཛྲུྃ,16
ཧྃ,2545
མཱྃ,664
སྟྭྃ,489
དྷྨ,6
རྱུ,8
ཛྫི,34
ནྟ,3081
ལྟེ,3444
གྱ,3295
ཥི,1376
ཥེ,772
སྣུ,2484
རྙི,1751
རྭ,696
ཌི,1132
རྐེ,884
སྟཱ,398
བྟཱ,8
ཤྲཱི,1817
ཉྫུ,261
སྒྱི,1061
ཏྃ,1032
ཊྚ,704
བྃ,2405
དྡྷ,2265
ཧུྃ,5324
བཱི,1416
མྲྀ,908
རྫེ,361
སྱཻ,120
གཱི,349
ཏྱེ,340
ཥྤེ,197
དཱི,706
རཱུ,962
ཛྲི,552
སྥོ,957
ཌྷི,50
ཥྚི,605
ཛྫ,193
གྷི,265
སྨྲེ,1817
ཀྵཽ,8
ཎཱི,915
སྤྲེ,884
གྭ,24
གྲྭ,1053
གློ,5635
སྒྲེ,2450
སྟོཾ,4
སྦེ,1436
རྩུ,2397
ཎུ,198
རྙོ,1659
ཀྵེ,486
པྱ,2489
ཀྭ,432
ཤཱུ,633
ཏྨ,519
྅,999
གཱུ,38
ཧྱ,804
བྦྷི,2
པྱི,618
ཚྭ,1378
ཊི,1744
རྨྱི,1241
ཊུ,487
ཁཱི,139
ཥྤ,259
ཀྟྲ,12
ཌཱ,1366
ནྟྲ,450
སྦྲ,4351
དྷཱུ,426
ཏཱི,1460
ལྃ,1185
བྷྲི,170
ཏྣི,8
ལྐ,12
དྨ,3467
ཙཱ,431
གྣི,146
སླེ,337
དྡྷཱ,1321
རྦྦཱ,180
པྱོ,2336
རྟི,835
མཽ,4644
ཤྱེ,39
ཎཱྃ,1169
དྦྷུ,18
ཏཱྃ,251
ནྟོ,36
ཥུ,155
ཏྲྱཱ,2
དྡྷི,580
ཎཱ,1034
དྷྭི,181
ཛྭཱ,661
དྷྭེ,4
ཀཱྃ,71
སྥ,698
བྷོ,673
ནྟཱ,230
ཁི,1187
ཁཱ,1616
སྟཻ,16
ནྟྲཻ,8
ཛྲཱ,1282
ཨྃ,1349
ཪྴ,188
ནྡ,1227
སྣྲེ,170
ཤྲི,440
ཁྲེ,1293
སྨྱོ,1882
ཉྩཱ,90
རྨྨ,1485
ཛྲཱི,294
ཀྐ,234
བྷྱོ,1387
ཊཱ,743
མཱུྃ,60
ཤྨི,142
༼,105
༽,110
ཀྟེ,57
ཀྟ,311
ཀྟཱ,42
སཱེ,14
དྲྱ,4
ཛྲྃ,72
སྨྱུ,1666
བཽ,138
ཅྡོཾ,626
ཐྃ,729
ལྡུ,402
༡,1345
༤,429
༧,379
རཾ,212
ཏྲཱ,1081
ཏྲཱྃ,596
དྡྷྱ,152
ཥྱ,316
སྟྭ,52
ཥྞཱ,54
ཤྭེ,235
པཱི,192
དྡྷེ,476
དྭེ,150
ལིྃ,154
གྷྣཱྃ,29
རཱྃ,67
བྷྲ,247
ཙྪི,682
ཏྭྃ,194
ཀཾ,250
སྨཱིྃ,6
པྃ,686
ནྱཱ,74
ཙྪཱ,166
ཪྵ,504
ཥྚིྃ,70
ཪྵཱ,20
པཽ,20
དྷུ,2749
ཁྴོ,12
ཕེཾ,114
གྷྣ,173
ཀྲཱི,86
ཊྚཱ,86
གྷྲ,163
རྨཱ,609
ནྟྲཱ,21
ལྐོ,348
ལཱྃ,323
ཙཽ,69
བྱཱ,522
གྷྲྀ,24
ཊྭཱྃ,869
ཡཻ,343
ཏྱུ,155
ཏྲཻ,430
ཀྟྲཱ,4
ཙྩ,46
རྞྞ,311
ཥྚུ,8
ཀྲཱ,249
གྲཱ,150
སྨྲོ,1242
དྱཱེ,16
པྡ,20
སེཾ,404
ཟླུ,1314
དྷཱྃ,65
རྐོ,1115
སྣྲུ,144
འྀ,1040
ཎྠཱ,4
སིྃ,154
༣,440
༢,649
དྭི,70
ཥཱི,52
ཧཱི,644
ཀྱཻ,223
མཻ,474
སྤྱུ,204
སུྃ,297
ཀྵུ,465
བྷྲུྃ,234
ཉྫ,811
ངྒཱ,42
ཅྭོ,1218
ཏིྃ,85
བྱཱུ,73
སྠཱི,12
ཤྩཱ,34
ཥྚཱོ,4
ཏྲེ,746
ངྐི,10
ཤྲ,434
ཛྙེ,67
ཤྲུ,70
གཾ,50
ཎྜི,663
ཤྃ,637
ཊེ,904
ཏཱུྃ,10
ཎྀ,52
དཻ,82
གྣ,94
སྨེ,610
དྡ,22
ལྕུ,556
ཎཱཾ,86
ཥྞུ,111
རྒྱོ,56
ནྟིཾ,39
ཥྚིཾ,40
ཀྵོ,260
ཧྲཽཾ,42
ཧྲ,315
ཌྷྱ,36
ཧྲཱིཾ,183
ཛྙོྃ,6
ཛྙཽཾ,42
ཀྵྨཱྃ,100
ཧིྃ,48
ཀྀ,24
སྀ,12
ཧྀ,16
དྷྀ,42
ལླི,60
ལྗི,218
པྲེ,385
ལིཾ,98
མྨེ,87
ཐཻ,42
ཥྚྃ,166
ཏྶུ,2
ཁཾ,130
ཧྲཱི,2045
ནྟེ,299
མྲྨྀ,2
ཏཱེ,24
མྲྨིྀ,4
ཀླེ,219
ལྱོ,4
ལྱ,127
ཤྀ,52
སཻ,70
རྦྷོ,18
རྨྱ,72
༦,409
རྨྨཱ,431
གྷྣཱ,123
དྟ,21
རྦྷ,326
གྶ,102
གྱྶི,4
ཝི,286
པྟྲཻ,2
ནྡྷུ,50
ཨོ,926
རྀ,456
ལྀ,150
ཕྲེྃ,50
ནྡྲ,453
ཨཻ,252
ཥྨི,30
རྦྷུ,22
ཏྲྃ,434
ཊྃ,165
བྲྃ,42
ལཾ,183
སྒྱ,34
སྒྱོ,52
ཧྲེྃ,20
ཧྲིྃ,204
ཏྱཱ,668
ཧྨཱ,71
དྲྀ,343
ཌྷོ,86
ཞྭ,122
དྷཱོ,2
རྦྦྃ,70
ཏྲྱ,48
ཙཾ,48
རྱེ,153
ནྜེ,26
སྠ,373
གྷཱ,675
ཌྷ,422
ཕི,172
༨,365
ཌཱུ,313
ཀྐི,304
ཁྱཱ,11
ནྟྲོ,8
དྷྲི,157
ངྱ,114
པྲཱི,65
སྠི,229
རཱོ,6
ནཻ,356
མྀ,124
ཐླྷཱྀྃ,4
ཀྵྞ,120
གྃ,398
གྷྃ,99
ཙྃ,228
གྷོ,426
ཛཱྃ,51
ཛྷྃ,35
ཐིྃ,2
སྱེ,256
ཀྴི,36
ཧྨྨཱ,2
བྷྃ,179
ཕྃ,67
ཕུྃ,36
ཕྲྃ,18
ཧྲེ,10
སྭི,4
ཀྵྞེ,2
སྲིྃ,2
གུྃ,28
ཀུྃ,112
ནྡྷེ,94
ཌྃ,83
རྦུ,40
པཾ,59
གྲཱི,248
ཎྱྃ,4
ཚཱ,19
ཛྷཱ,45
ཋཱ,51
ཌྷཱ,25
ཕཱ,51
ཉཱ,22
ཛྲཱྀ,6
ཚྃ,29
ཋྃ,25
ཌྷྃ,35
ཝྃ,120
ཥྃ,76
ངྃ,25
ཉྃ,27
ཎྃ,167
ཨཽ,238
ཤྟི,4
ཥྩི,4
ཊཱི,205
ལླེ,80
བཱུ,97
ཧླཱ,6
མེྃ,6
དྷཻ,26
དྷྱ,711
ཏྲཱཾ,56
ཀྲུྃ,54
ཡྀ,82
ནྦྷ,10
འེ,108
ཀྵྨ,208
ཅཱི,6
ཙྱཻ,217
ཏྟཱ,242
༩,363
༠,351
ཛཱི,254
ཎྚ,115
ཏྟྲེ,6
ནཱཾ,276
ཀྩི,50
ཌྨུ,2
ཌྦྷུ,2
ཥྚཱ,526
ལླཱི,48
ཎྛེ,4
རྔེ,37
ཧྨྃ,4
ཥྚྲ,30
ཤྲཱ,63
ཥཱྃ,29
ཛྲིཾ,12
དྷྱཱ,110
ལྱེ,62
རྱྃ,39
པྟ,243
བྷཱི,204
ཀཱུ,100
ཛཾ,134
ཎྞ,36
དྲཱུྃ,179
ཥྚོྃ,70
ངྐ,121
རྫྫ,250
མྤཱ,4
ཤྠ,56
བྟ,54
ཏྀ,58
ཛྙཱི,21
མྦྷཱ,14
ཏྲཱུྃ,164
པིྃ,50
སྟྃ,398
ཡྱེ,2
ཡྱ,20
ཌེ,474
ཨཾ,122
གྀ,48
ཎྱེ,752
སྦྱྀ,6
ཊྭཱཾྃ,2
ཇཾ,18
སྥུ,353
རྦཱ,361
རྠ,359
སྠཱ,221
ཥྠ,64
སྐྲྀ,81
རླི,98
པླ,40
ཌཱི,643
ཊྚི,126
གྲཱྀ,56
ཛྙཽྃ,48
ཛྙཱཾྃ,4
ཪྻ,60
ཏྨྱོ,2
བྷུྃ,26
ཊོ,78
དྱོ,62
ཪྤ,22
བྷཻ,336
སྨཱ,111
ཪྻཱ,4
རྨྃ,12
ལཱི,506
མྲཱ,30
དྨཱ,54
ཏྤྃ,2
སྐྲོ,652
ཀྵྃ,137
ཪྤཱི,2
ནྣེ,34
བྲུྃ,229
ཊྚེ,168
ཏྱཻ,88
ཧྱཱ,24
སྨྱ,202
ཤྲིཾ,26
ནཱུ,38
རྗུ,40
ཏྟྱ,26
མྲ,747
ནཾ,267
ཙཱུ,180
ཛྲོ,159
དྲིཾ,8
ཀྟྟ,4
མླཱ,8
མྦི,134
ཤྱྃ,28
ཧུཾྃ,4
ཥྚོ,92
ཏྐ,28
དྱུ,68
ཙླཱི,4
ཛྷི,68
ཚཱུ,6
ཛྲྀ,6
ནྣ,193
ཀིྃ,70
ཎྜཱ,122
དྭཱི,43
ཉྀ,68
སྱཱ,360
དྱི,42
དྡྱི,2
ཥྚཱི,53
ཏྟི,141
ཤཾ,80
ཥྚྲཱི,136
ཝཱཾ,4
ལཻ,49
མྦུ,57
རྷ,20
ཏྭོཾ,2
བཾ,173
མྱཻ,2
ཏྱཱི,56
ཀྴ,108
ཥྤཱ,12
ཧླ,91
རྙཻ,2
ཌྷེ,52
བཱྃ,111
ཧཱུ,382
ཧཱིྃ,52
ཊྱ,102
ཡཱི,34
ཝཱི,30
ཏྱུྃ,20
ཌོྃ,8
ཙཱི,74
དྷྱྃ,98
ཏྣཱ,36
དྣ,84
ཏྟེ,206
བྀ,40
སྟྭཾ,34
པྲྀ,120
ཚྀ,12
རྣྃ,82
ནྲི,118
དྐྵི,2
༑,143
རྨྨེ,32
རྨྨི,8
ཥྚཱྃ,118
ཀྱྀ,65
སྡཾ,2
ཥྨཱ,54
ཤྐ,18
སྂ,22
ཐུཾ,6
དྲེྃ,9
གྒེ,10
དྷྭྃ,126
ཀྐེ,62
དྭཱ,90
སྐྲི,108
༥,420
མུྃ,286
ངྐུ,70
ཉྩི,145
རྱཾ,18
ནྱཱྃ,4
ནྡྷི,37
ཏྟྭ,53
རོཾ,2
ནྶ,14
ངྱཱ,8
སྨྲྀ,148
ཪྷུ,2
བྷྀ,16
ཅྡོྃ,166
ཏྭི,16
མྲི,274
དྷྱེ,80
ཀཻ,210
ཪྠཱྃ,2
ལྩེ,6
ཀྴུ,8
སྱི,6
ཏྲོ,262
ཤྭོ,10
རྦྷེ,330
ཉྩོ,29
བྷྱུ,30
ཏ྄ཻ,2
ཙྡ,2
མྦཱི,136
ཛཱཾ,2
ཨཱྃ,204
ཨཱེ,4
སྣཱི,2
ཕྱྀ,46
གྟ,16
དྠ,12
སྦྱུ,8
རྦྦེ,24
ཏྲྀ,74
དྦྷ,46
རྡི,101
རཱྀ,114
ལཱྀ,96
ལྱཾ,6
ཤློ,8
ཤྭཱ,136
ཏྐྵཱ,2
བྟི,24
ལྕོ,119
ཁྲཽ,4
བུཾ,85
སྐེཾ,12
ཧོཾ,20
ཎཱེ,6
ཀྑེ,6
ཎོ,119
སྟཽ,6
ཎྛ,58
ཎཾ,35
ངྷ,60
ཏྣེ,64
དྲུྃ,66
སྲུྃ,42
བྲྀ,123
མྨ,26
སྭཱྃ,64
ངྒེ,89
ལེཾ,2
ལྷེ,4
ལྒ,87
ཥྨ,140
ཀླི,32
ཊྱུ,6
ཙིྃ,24
ཏྲུྃ,118
ཕྱྭ,43
ལླ,80
ཙྱི,2
ཀུཾ,22
དྷྲ,14
ཏྭཾ,56
བཱཾ,18
ཪྩ,12
བྷྱི,31
དྔྷྱ,2
མྟྲ,2
ཥཻ,2
ཎྚི,88
ངྶ,8
དྷཱེ,10
ཪྱ,16
དྟྷྱ,4
རཽ,118
ནྡྲཱ,76
རྦྷཱ,38
ཏྭེ,171
ཀྱཱ,18
ཎྱ,262
ནྟིྃ,168
དྡྷིྃ,58
ཟུྃ,4
དྷྲོ,16
ཨཱོྃ,10
མུཾ,18
མཱུ,488
ཥྚེ,109
ཊྭཱཾ,34
ཪྩི,6
རྱཱྃ,12
ཁཻ,22
དྀ,42
ཏྱྃ,88
བྲཱ,56
མྷ,32
དྲཱི,47
མྷེ,4
ཧྨེ,50
ནྡྲེ,22
རྐྱི,6
དྲུཾ,22
སྟཾ,58
ཏཱཾ,14
སྲཱ,36
རྒྷ,94
ཀྑུ,4
ཪྡེ,4
ཀྟི,70
ཨིཾ,58
བྂ,36
ནྡེ,102
ཧྣི,16
ནྚ,14
ཏྠཱ,8
དྱེ,83
སྟྭེ,2
དྷཱི,227
ཥྨིྃ,2
ཤྲུྃ,10
ཅོཾ,159
ཀྐུ,54
ཌྷཱུ,2
ཤྱི,14
ཤྨ,91
ཎྟ,8
སྟྭི,6
བིཾ,22
མྦྷི,44
ཏྟཾ,16
ཧྲུ,90
ཥོ,37
ཁཱུ,6
གྷཱི,14
ཀླྀ,4
ཀླཱྀ,2
རྦྦཱྃ,12
ཛྲཱྃ,46
ཥྱཱ,170
ཙླཱྀ,4
ཪྦ,26
ཛྭྃ,4
ཙླྀ,4
ཛྷཱི,8
ཊླཱྀ,4
ཡྻ,4
ཎཱུ,4
ཋུ,74
ཊླྀ,8
ཐྭཱི,6
ཌྲཱྀ,2
ཌྲཱི,2
སྔུ,60
རྞི,27
གྷྲཱ,48
ཧྭཱ,75
ཪྞཱ,2
ངྦི,2
རྟྟ,100
ནྣཱ,34
ཥྱྃ,10
ཎྜོ,28
ཏྶཱ,34
དྨེ,134
ཀྲཱྀ,14
དྷྲྀ,134
རྟྟི,50
རྟཱ,26
ཏཻ,70
རྨྨོ,6
དྡྷཱི,8
རྠཱ,34
ཤྤྲ,2
རྦཾ,6
ཥཱུ,4
ཙྱ,12
ལྱཱ,18
རྦི,22
ཪྤྤི,2
དྷྱོ,6
བྡྷ,6
གྷྲཱི,6
ནྡྷོ,6
གྣེ,34
པྡྷ,2
རྐྐ,45
རྦེ,102
རྠི,69
ཤྲོ,46
ཥྨཱྃ,2
རུྃ,56
བླི,10
ཡཱུ,92
དྦྷཱུ,8
རྐྐོ,8
ཀྲྃ,54
ཏྭཱྃ,118
ཕྲཱ,4
ཉྫཱ,22
ཛྙཱཾ,16
དྔྷཱ,2
ཏྣོ,8
ཥྠི,52
ཏྭོ,20
ཀྵཱི,53
ཥྟྲོ,2
རིྃ,18
ཏྲཾ,63
ཡོཾ,24
ཧྲིཾ,112
མོཾ,28
སྣི,22
དྒྷ,72
རྩྀ,8
བྷྲཱུྃ,131
ཤིུ,2
ཛྱོ,105
ཥྷ,2
ཥྛཱི,30
ཝེ,60
ཙྪོ,28
ཥྜཱི,2
བུྃ,38
ཀྴྭ,6
ཤྩྃ,30
སྩུ,34
རྩཾ,16
སྨྱེ,42
དུྃ,60
ཏྲུ,108
ཎྚེ,22
མཱཾ,84
ཏཱུ,18
བྥེ,2
ཀྡཻ,2
དཱྃ,27
ནྷུ,6
ཤྱཾ,8
ཀྲཾ,28
ཤྟ,12
ཌུ,135
རྣི,14
ཥྱོ,76
ཀྟོ,60
དྷྱུ,22
ཌྜྷ,46
ཤྭི,23
པྣ,28
བྲཱི,38
སྤུྃ,2
ཏྩི,4
ཨོྂ,229
གྲྃ,80
ཧེྃ,32
ཡོྃ,32
མོྃ,22
ཕིྃ,5
ཀྲིྃ,7
ཤྂ,4
དྲཱུཾ,28
ཥྚོཾ,58
ནྡོ,37
དྡྷོ,193
མྱྃ,6
ཏྱཱྃ,8
ཥྚྲཱོ,8
རྗྫ,16
ཌོ,64
ཏྲཱུ,38
ཥྭ,21
དྷྭཾ,24
ཐྭ,8
མྦོ,24
ཏྭཱཾ,28
ཤཱྃ,135
བྷྲཱ,90
གྷྲཱྃ,20
རྟྟཱ,4
རྫྃ,6
གཱྃ,21
ལེྃ,6
རྠྠ,24
ཛེཾ,14
དྭཻ,36
ཋི,96
དྲེཾ,10
ཙུྃ,24
དྷྲུྃ,12
ཀྲཱུྃ,4
མྲཱུྃ,2
སྲཱུྃ,4
སྔི,2
ལཱཾ,30
སྒོཾ,20
རྒེ,33
ངྒི,46
ཧྲཱོཾ,10
ཞྀ,48
པྱུ,34
ཛྷཻ,8
སྐྃ,32
ནྨ,26
རྦྦོ,20
ནྡི,34
ཊྨ,2
ཉྫྭ,2
སྟུྃ,4
མྱཱྃ,10
ཤྲཱྀ,4
ཏྟོ,24
ཤཽ,31
རྐཱ,20
དྭྃ,18
ཥྣཱི,5
མྤི,10
སྦྲི,114
ཪ,16
ཛེྃ,18
ཙྪིྃ,18
དྤ,15
བཱཻ,12
སྱོ,24
སྨྤ,2
ཏྟྃ,40
ཤྲེ,40
རྂ,12
ཏྚ,6
རྡྷེ,8
དྐེ,2
ཏྐི,2
ཛྫྭ,2
ཌཱོྃ,4
ནྟྱ,14
ཪྟི,18
ཀྵྨྲཱི,2
ཀྐོ,68
ཪྡཱ,8
མྒྷྲ,2
རྞཱ,42
ཤྲཱིྃ,28
སྡྷི,2
དྡེ,40
ཉྩཻ,2
ཉཾ,42
མྨུ,22
སྷ,8
ནྐ,2
བྱུྃ,8
གྷྣཱཾ,17
ཏྦྷ,2
བྲཾ,19
གྒ,14
ཀཱེ,10
ཧྲཱྀ,22
ཌྱ,36
པཱཻ,2
དྡྷྭེ,6
ཏྨཱ,76
ཀྵྩ,2
རུཾ,10
ཧོྃ,26
ཐྲི,10
སྟྲེ,4
ཥྚྲོ,16
རིཾ,18
རྒྷཱ,12
ཪྞ,30
མྦཱ,58
ཕྲུྃ,50
ཛྲིྃ,22
ཀྲཱྃ,10
སྦི,10
ཏུྃ,48
ཌྜྷྱ,158
ཊྭྃ,10
ཊྲཱྃ,6
ཊཱྃ,41
སྣེ,16
ཤྱཱ,60
རྞྞེ,32
ཧཱིཾ,18
ལཱུ,84
ཎྞི,10
གྱྀ,31
ཋོ,8
ལྟི,22
པཱྃ,84
གྷཱུ,64
གྷཱྃ,35
ཤྤུ,12
ལྭ,20
ནྩཱ,2
ནྡྷཱ,52
ཥྞི,26
དྡྷྱུ,2
བྷྲཱི,12
ཊྱཻ,4
ཊྀ,12
ཛྱ,55
ཧིཾ,70
ལྤཱ,32
དྷཱུྃ,8
གྷྲོཾ,4
ཊུཾ,2
རྦྃ,90
ཛོཾ,2
སྟྲི,50
ཧྱྃ,16
ནིྂ,2
གྲཾ,16
ནྱི,12
བྟེ,22
ཙྱུ,26
ཌྒེ,36
ཛཽ,6
ཧྭི,10
གོཾ,2
ཎྜཱི,56
ཁྲྃ,2
བྷྲྀ,166
བྡ,26
ཌྷུ,50
ཎྲྱུ,2
ཧྱི,26
གྷུྃ,56
སིཾ,61
ཌཻ,6
ཧྣཱ,44
ཥྞཱུ,10
ནྜ,54
ཥྚྲི,20
ཏྲཱི,127
ནཱོྃ,8
ཛཱེ,8
ཥྚྲཱྃ,6
ཨཱིཾ,14
ཨུྃ,41
ཨཱུྃ,29
རྀཾ,8
རཱྀཾ,8
ལྀཾ,6
ལཱྀཾ,6
ཨཱཻཾ,2
ཨཽཾ,16
ནྡཱི,6
ནྡྲི,20
ཧཱུྃྃ,10
སྟྲ,84
ཪྷྱཾ,2
ཧྲོྃ,42
ཕཻཾ,10
བྷྲུ,8
ཁྀ,4
སེྃ,8
ཥྛྀ,6
རྣྞ,6
ཛྙི,14
དྱཱཾ,6
ཊྱི,18
ཊྚུ,6
ཧྲཱིྃ,138
ཏྲཱིྃ,6
བྱྀ,14
སྴི,2
ནྜི,8
མྲེ,6
ཌྡྷེ,6
ཌྡྷ,4
ཀྵླི,2
མླྃ,4
པླྃ,2
ཛླྃ,4
རླྃ,6
ཧླྃ,4
ཐྱཱ,2
ཛླི,2
ཏྠེ,2
ནྡུ,81
ཊཽ,4
སྟཱུ,2
དྦི,2
ཀྵཱིྃ,14
ཥྚཱིཾ,6
ཥྭེ,2
སྲྃ,11
དྷིྃ,26
དྷྲིཾ,6
ཧེཾ,12
ཨིྃ,31
སྐཾ,16
ཪྡ,25
ཀྶྃ,24
ཛྷེ,14
སྲྀ,22
ཏྤཱ,12
ངྐཱ,16
རྦོ,44
ཪྤྱ,4
བྱཻ,27
ནྠཱཾ,2
བྷྲཱུཾ,16
མཱུཾ,2
བྲཱུཾ,4
ཎྱཱ,8
ཎྠ,6
ཙྪུ,50
ནྡྲོ,8
ཡཱྃ,31
པྲོ,54
ཤུཾ,2
ནཱེ,20
ཟྀ,4
སྲུཾ,6
མྱཽ,6
ཏྲྂ,8
ཥྚྲཱ,44
ཧཱེ,14
ནྫ,12
སྙོྃ,2
བྦ,16
ཁྑ,2
ཏུཾ,18
ཧྣྃ,2
ལྒོ,8
ཅྀ,52
སྐྲེ,18
ངྑ,8
དྷྱཱྃ,8
ཤྟྲོ,4
ཌཱུྃ,2
ངི,10
ཌྒ,32
བྷཱྃ,7
པྂ,8
ཙྭ,14
ཏྱི,12
ཪྷ,27
རྩཽ,6
ཪྠི,21
ཛྟེྂ,2
ཛྟཻ,2
སྶ,46
ཪྨི,2
ཪྐ,12
ཝུ,23
ཧྲཱ,30
གྒི,14
སྨཱི,14
ནྒ,2
སྶེ,2
གླེཾ,4
ཪྦྦ,2
ནྡྲཾ,8
ཪྵེ,6
མྲཱི,12
སྤྲྀ,2
ལྤེ,24
རྒྷཾ,6
ལིྂ,2
ཤྨཱ,10
ཉྕ,4
མྲྃ,2
ཌྜ,14
ཨཱོཾ,26
རྟཱི,22
ཏྲིྃ,26
གོྃ,6
རྗ,14
མཱྂ,8
ཧྞྃ,14
སྕ,6
དྡྷྱེ,2
ཎྡ,10
ཏྲུཾ,18
གྷྲེ,2
མྚ,10
ཥཾ,14
མྦེ,52
ཥྣ,4
ཧྭེ,14
ཪྷཱ,4
ངྫྭ,2
ཤཱིྃ,34
ནྟྲི,20
རྱཱེ,2
ཅཱ,22
གྷྲི,61
ཤིྃ,34
དྲཱྃ,18
ཏྭཱི,24
ཧྲྀྃ,2
ཧྲཱྀྃ,4
ཧླྀྃ,2
ཧླཱྀྃ,2
ནྱཽ,2
ཊཻ,2
ལྀྃ,8
ཊྚྃ,4
ཛྙཱོ,10
པྟཱ,42
ཧྣཽ,2
ཛྙཽ,4
ཡཽ,6
བྡྷོ,8
ཛཱོ,2
དྷཾ,12
ནྷི,10
རྦྲ,4
ཥྛུ,8
ཀྵཾ,24
དྲཾ,2
ཙཻ,41
མིཾ,8
བྱཾ,24
ཛྲཱེ,20
ཕཱུ,20
ཕཱི,16
ཕཻ,12
ཕཽ,12
སྐི,4
ལྤོ,2
ཛཱུ,22
ཌྱི,12
སྒྲྀ,6
མཱེ,6
ཧྲཱྃ,46
ཧྭཱྃ,30
ནྨཱ,16
མཱྀ,6
ཎཱྀ,14
ཀྚཽ,2
གྒུ,8
ནྱུ,10
ནྟྲྃ,8
དྷྭཱ,26
ཥྐ,46
ཁྷྲྃ,4
ཛྴ,4
པྟི,6
གྦ,2
ནྟྲེ,4
ནིཾ,4
ཥྩ,30
རྡྷཱ,30
ནྡྲྃ,6
ནྜྲ,2
ཤྤཱ,2
གྷྞ,2
ཏྱཻེ,2
ཁྲཱྃ,2
པྲོྃ,8
ཛྱྃ,8
ཀྲིཾ,10
ནྱོ,6
ཀྒ,6
ཀྚ,4
མྨཱ,32
ནཱྀ,12
ཉྫྱུ,2
ཏྱོ,16
ཀྣ,6
ནྲིྃ,2
སྤཱ,8
སྣཾ,16
ཀྑ,22
གྟོ,2
ཏྛ,2
པྴཱ,2
གྴ,8
རྐྱྃ,2
དྟྲ,4
ཌྜེ,12
ལྦྃ,2
ཕཻྃ,20
རྣྣ,4
བྷཱཻ,2
ཇྲ,2
དྱཱྃ,12
ཀྟྃ,8
ཛྙུ,2
ཨེྃ,8
བྦེ,4
ཀྑི,4
ཥྥེ,2
ཌྲི,6
ཧྲྃ,66
གྷྣྃ,28
ལློ,2
པིཾ,34
མྟུ,2
ངྒུ,2
ཇོཾ,16
གྲུྃ,20
སཱུྃ,6
ཕེྃ,118
ཡུྃ,35
གཻ,24
ནྟཱི,80
གྷྭེ,8
ཏྩྪ,2
ནྩ,4
བྷྱེ,12
སྟྱ,30
རྡྷི,7
བྲུཾ,30
ངྒྷཱ,2
བྟོ,6
དྟྭ,2
ཀྵྨེ,28
ཪྐུ,2
ཐཱྃ,15
རྒྷྃ,26
ཏྲྱྃ,14
ངྦྷུ,2
ཀྟྭ,6
པྟིྃ,10
དྟྱ,6
ཥྣི,2
ཥྼཱ,4
གྷྱྃ,4
ངཾ,12
ཥྠཱ,4
ཥྚཾ,42
ཏྂ,8
ཁྭཱ,4
ཀྲཱིྃ,2
དྷྱི,21
གྡྷ,4
ཀེྃ,6
ཏྭཱེ,4
ཤཻ,34
ལྨོ,4
དཱེ,32
ཤཱུྃ,7
ཨཱཾ,26
བྲཱུྃ,21
བྲཱུ,4
ཤྵེ,10
ནཱཻྃ,2
ཧཻྃ,10
ནཽ,14
ཧཽྃ,10
སྭེ,2
ཧྲཱེྃ,8
སྭཻ,2
ཧྲཻྃ,4
ཧྲཽྃ,36
སྲཽ,2
སྭྃ,44
ལྂ,20
ཉྫི,54
ངྱོ,2
དྲིྃ,26
ཧུཾཾ,2
ཤོཾ,2
སྡྀ,2
ཏྐོ,2
ཀྟྱེ,2
ཧྲཾ,4
ཧུཾ,54
སྤཱུ,12
སྟྲཱི,10
དྡི,2
དྲྃ,30
ཨྭི,2
ཚོཾ,6
ལཱྂ,4
ཤྚཱྂ,2
ཐུྃ,14
ཎྚཱ,6
ཝུཾ,4
ཧྨི,8
དྐ,6
སྶི,16
སྒོྃ,4
ནྣི,79
ཀྐཱུ,2
ཙྩཱ,8
ཏྶི,4
ཝོ,6
ཛྺི,2
ལྗེ,6
ཧྲུཾ,4
གྟྲ,2
ནྤ,4
ཧྱཻ,16
ངྷྭ,2
གླྀ,2
དྲཱྀ,8
གཱེ,4
ལྦོ,26
ལཱེ,4
རྡཱ,11
རྞེ,30
ཊུྃ,34
སྦྱེ,2
བྷྲིྃ,14
པྟེ,33
གྷཱཾ,2
སྟོྃ,8
ལྦཱི,2
ཎྱཻ,52
ཧྨྨ,12
ལྷི,17
ཡུཾ,10
ཪྫ,4
ཪྟཾ,2
གུཾ,8
པྒ,2
ཀྟྱ,8
ཤྭྃ,34
ཌྷཱི,6
པླཱྀ,4
བྲཱྀ,4
པཱྀ,2
བླཱྀ,2
བླྀ,2
ཏླཱི,4
ཐཱུ,8
ཏླྀ,8
སླཱྀ,4
ྉྤཱུ,6
ཥྲྀ,2
ཥྲཱྀ,2
ྉྤུ,6
སླྀ,6
ྈྐཱ,6
ཥྤུ,8
ཎྱི,2
ཧྣེ,8
སྠུ,16
རྣྡྷ,2
གྷྣཾ,8
འིུ,8
དྷྲུཾ,6
ཝཾ,14
ཉྫྲ,4
ཡཱུྃ,4
བཱུྃ,2
གྐ,10
ཇཱིཾ,2
ཕྲོྃ,18
ཀྵྞི,4
ཀྵིྃ,30
ཏྞ,10
ཎྱྀ,2
ཪྶ,2
ཤྚྃ,4
ཀྑྃ,2
ཥྚྲཱྀ,54
སྨིྃ,10
བིྃ,36
པྲྂ,2
མྂ,12
པྲྃ,44
ཥྤྲི,2
ཎྚོ,6
བྷཽ,16
དྒ,36
ཐཱི,16
ལྨ,12
མྤ,71
ཌཾ,14
སྙཱ,2
ངྒྷ,48
ཉྫཱི,2
དྭཾ,2
རྦྦཾ,6
ཛཻ,3
ཛིྃ,8
ཐླྷཱིཾ,4
ཡཾྃ,2
བྷཾ,36
ཏྲྷྲེ,2
ཪྞི,8
སྣཱ,8
ཤྚ,16
ཪྴི,2
ཥྐཱེ,2
ཥྐེ,8
སྠེ,4
ཤྲཱིཾ,6
ཎྛཱ,6
ཛྲཾ,12
ཛྷུ,90
ཧྲོཾ,18
ནྚཱ,2
མེཾ,4
དྷཽ,8
བྷྲཽ,16
བྷྲེ,12
ལྦི,6
ཊྒྃ,2
རྷྡྱ,2
ཛྱེ,71
༒,6
ཎྞཱ,4
དྷྭོ,2
ཧཱཾ,32
སྭཱི,8
ཪྦྃ,4
ཀྟྭེ,12
ཎྠི,4
ཏྤུ,4
ཪཱ,2
ཌཱེ,6
ཙཱུྃ,14
ཋཱི,2
རྩུྃ,8
རྐི,4
ཪྨེ,4
ཤྨཱི,14
ཏྟིྃ,2
དྦུ,6
ཪྼྀ,4
ཏྟཱི,20
ནྱྃ,18
ཧྣཱྃ,2
ལྤི,20
ཀྐྲྃ,2
མྨྱཱ,4
ནྶུ,2
མྤྲི,2
དྲཱུ,8
དྨྃ,18
ནྻ,2
ཕླི,8
ཌྜི,14
ནུྃ,2
ཐྱ,8
སྟཱྃ,10
བྷྱུྃ,2
ཛྭེ,7
ཤྨཱེ,2
དྷྲཱི,44
ཅོྃ,4
ཀོཾ,4
ནྱཻ,40
དྡྷྭ,4
སྶྃ,2
ཧླཱིཾ,2
ཪྦྷ,6
ཀྲྀཾ,2
ནྱེ,38
ཏྲོྃ,10
ཊཱོྃ,2
རྣེ,6
དཱཾ,2
ངྐེ,4
རྒྱི,8
ཀྐྲོ,2
ཛྲཱཾ,8
ཀྵཽཾ,2
རྱཻ,16
ཥྵེ,2
ཁྷཱི,4
རྠཱྃ,2
མྲོྃ,8
ཛྲོྃ,4
སྲོྃ,8
ཌུྃ,4
ཕྲེཾ,4
བྲོཾ,4
ཤྲྃ,4
བྷྱཱ,8
ཪྦྷུ,2
མྤུ,2
ཨེཾ,4
ཨཻཾ,4
རཱྀྃ,5
ལཱིཾ,6
གྷྣི,4
རྠྃ,10
ཀླཱི,4
རྒཱྃ,6
ནྡྷཱྃ,2
བྷྲིཾ,6
རྞཾ,2
ཊྚཻ,2
ཏྱཱེ,2
ཇྱོ,2
དྲུྂ,8
ཅྟི,2
ཏྲྱུ,6
དླ,6
ཤིཾ,18
ཥྛེ,26
ཤྩྪ,4
རྦྒུ,2
བྫ,2
ཎྷ,4
ཥྟ,8
ཛྭི,8
དྷྱཾ,4
རྱོ,10
ཨྴུ,2
ཟླེ,2
སྠོ,10
ཐཱེ,8
སྭྤ,2
ཀླཻ,2
ཀྐཱ,10
དྒྷེ,2
ཪྠཱ,4
ཀེཾ,6
ཀིཾ,28
དྡྷྱོ,4
ནྡྷྱ,8
བོཾ,4
ཡཱཾ,14
ཐླྀྃ,2
བྷྲྃ,10
དྐུ,2
ལྡྀ,4
རྦྤ,2
ཀྵྨྃ,5
གེཾ,2
ཀྐྷྃ,2
དྷྲུ,14
བྷྱྃ,28
ཧྲཱུྃ,20
བྱུཾ,4
ཙྀ,16
ནྟཻ,2
པཱེ,8
ཛྤྲ,2
ངཱ,7
ཏྲཱུཾ,18
ནྟཾ,4
དྐྵཾ,2
ཧྂ,18
ཥྨྃ,2
ནྡྃ,2
ཏྱཾ,12
ཨཻྃ,6
ཏྟྭཱ,6
ནྡྷྃ,24
ཥྤྃ,68
ཧྟ,4
ཀྵཱྃ,28
ཀྵཱྀྃ,2
ཀྵྲྀྃ,2
ཀྵྲཱྀྃ,2
ཀྵུྃ,30
ཀྵཱུྃ,4
ཀྵླྀྃ,2
ཀྵླཱྀྃ,2
ཧླིྃ,2
ཧླཱིྃ,2
ཨཱིྃ,7
རཱིྃ,4
ལཱིྃ,4
རྨྨཻ,6
ཨྀྃ,2
རྀྃ,3
ཀྵྞཱིྃ,6
བྷིྃ,14
རྦྦྷ,2
ཕྲོཾ,22
པྲུ,4
ཥྚཻ,4
ཨུཾ,4
ཙྩུ,2
ཛྫུ,6
ཙྩི,3
ནྲཱི,6
ཛྀ,4
རྡྷཱེ,2
	,107
ནྠ,8
རྞྞཱ,30
ཏྟཱཾ,2
ལྱཻ,4
དྷུཾ,2
ཏ྄,10
པྷ,4
བྣོ,2
དུཾ,14
ནྠཱ,6
ཚྪི,4
རླཾ,7
རྩྪཱ,2
ཪྻེ,8
རྦྷྱོ,4
རྒྒེ,2
ཤྐྂ,2
ཉྩེ,4
བྷྱཱུ,4
ངྷྷ,2
མྦྱ,2
ཪྠྃ,4
ཇྶོྃ,2
རཱེ,16
དྦཱ,6
ཀྲཻ,14
ཤུྃ,12
གྶླེོྃ,2
སྤྱེ,4
ཊྜྷྱ,14
ཎྜཱྀ,2
རྫཱ,10
པྲཱེ,4
ནྜཱ,6
ནྪ,2
ཥྞེ,8
ཀྱཾ,4
ཥྛྃ,6
ཀྵྼི,4
སྡེྃ,2
ཕོཾ,4
ནོཾ,12
ཀྵིཾ,32
ཧྲླྀྃ,4
ཧྲྼཱྀྃ,6
ངྴ,8
དྭོ,2
ཎྜྱཻ,2
ངྑཱ,2
གྣིཾ,4
སྲཾ,10
རྡྲེ,2
ཤྠི,4
ལྩ,4
ཥྱི,2
རེཾ,8
ནྡྡྷྃ,2
བཱེ,10
ཝཱྃ,8
བྷྂ,4
ནྡྲཱི,4
ཤྞ,6
དྱཾ,4
ཧྫྱ,6
ཪྦི,4
ཪྤཱུ,4
དྣཾ,2
ཌིཾ,4
ཕཱེ,2
ཪྞྞི,2
སཱྃ,27
གྟེ,6
ཁེྃ,6
རཱཾ,4
ཨྀ,4
མྨྱ,2
ཪྨཾ,2
ཤྲཱུ,6
ནྷ,14
བྥུ,10
མྦྷུ,2
ཙྪེྃ,2
ཊཾ,12
སྑ,8
ཥྱཱྃ,4
དྻ,6
ཪྒྷ,2
རྷེ,2
མྦྷེ,6
ཎྱོ,4
ཏྒྷ,2
ལྒི,2
ཊཱྀ,2
པྣི,2
དྡྷྃ,16
ཀྷེ,2
ཤྱོ,6
དྷིཾ,10
སྱྃ,10
ཙོཾ,6
ལུྃ,9
ཀཱིྃ,4
རྒཱ,10
ཧཱུྃྃྃྃྃྃྃ,2
དྲཻ,6
ཥྚཱྀ,10
ཥྚྀ,6
པྣྃ,4
ཀྟིཾ,2
དྷྷེ,4
ནཱྂ,10
རྦྷི,4
ཀྶ,14
ཥྚྲཻ,4
ཥྜཱ,4
ཊྚོ,4
ཛྙཱེ,10
ཪྺ,4
ཌྒྃ,2
ཀྵཱཾ,2
གྷཱྀ,2
ཡེྃ,4
ཌྱཱ,4
ཪྞཾ,2
ཌཱྃ,21
ཧྐྵྨླྺྼྻྃ,10
བཻཾ,22
ཛྙྃ,12
རྞྜྃ,2
ཤྭཱྃ,4
ཪྵྃ,4
ཪྵཱཾ,2
ཐླྷཱི,2
ཥྟཱ,2
ལླྱྃ,2
ཊཱཾ,6
ཀྟྲེ,10
ཪྦུ,2
ཛྲུ,2
ཎྡྲ,4
སྨཻ,4
དྷྲྃ,4
ཏྠི,9
ཛྫོ,2
ནྩོ,2
བྱྃ,8
དྐི,2
ཪྴཱ,2
ཀྷཱྃ,4
ཙྷཱ,4
ཚྷཱ,4
ཤྷ,4
མྷོ,4
ཏྷཱྃ,2
སྟྷ,2
ཛྷཱྃ,31
བྡེ,8
ནྟྀ,2
དྱཱི,2
དྷྲཱྀ,44
ཥྐྃ,14
དྷྭཱྃ,8
ཥྚྲེ,6
ཏྶ,10
ཉྩྃ,4
གྂ,6
ལླཻ,8
བྷིཾ,4
དྦ,6
བྷཱུྃ,30
ཛྲཱིཾ,10
ཛྙཾ,2
མྦྃ,9
ཊྣ,2
ཉྪ,2
ཤྲྀྃ,18
ཛྙིཾ,2
ཏྩ,6
མྨོ,6
ཧྱོ,2
རྪ,8
ཪྱུ,2
ཛྙཱྃ,28
ཊྒ,4
ནྟྭ,4
རྱི,6
ཥྚྱ,2
རྟྲི,6
སྱཱཻ,8
ཛྣཱ,4
དྣེ,4
ཏྣྃ,2
ཌྱེ,2
མིྃ,8
རཱཻ,2
ཛྞཽྃ,12
ཏོྃ,2
རྦྷཱུ,2
ཏྲིཾ,10
དྡྷྲིྂ,4
ཥྚཱོྃ,4
ཤྜཱོཾ,2
སྣོཾ,16
ཛྙྣ,4
ཅྱུ,2
རྠེ,10
ཛྭོ,4
ལྐཱ,4
ངྷི,4
ཏྨྨཱ,2
མྼ,2
ཕོྃ,4
རྒྃ,8
ཪྡྷ,20
ཪྞྞཱ,2
ཉྩུ,2
དྲཱེ,2
ཨྂ,20
རྒྒ,24
ཊྲེ,2
ཎྣ,2
ཏྦྷུ,2
དྡྷུ,6
ཊྚྲི,2
སྷྱ,2
ཀྴཾ,4
ཀླཱ,6
ཚཾ,12
སྦྲྀ,1
སྤི,15
ཟུཾ,10
ཪྨྨ,6
ངྷཱུྃ,4
གྷྲོྃ,4
ཇྲོྃ,4
ཤྲོྃ,4
ཪྨཱ,4
ཥྱེ,12
དྷཱྀ,6
ཤྠཱ,4
སྟཱི,6
དྲྱཻ,4
བཱིྃ,10
བུྂ,2
ཊྭཱ,4
ཨཽྃ,6
ཟཱ,2
ཀྵྱ,22
ཀཱཾ,16
པྷཱ,2
དཾྃ,2
བཱྀ,4
ནྭི,18
ཛྭཾ,2
ཏྲྀཾ,2
ཀྟྱཱ,4
ཊྐ,4
ཁཱྃ,21
སྨྲུ,2
དྷྷོ,2
ཏྐཱ,8
ཀྴུྃ,2
སྨྲུྃ,2
ཀྵྨཱི,11
ཏྲྱཱྃ,14
དྡྷྲི,2
ལྒུ,10
ཧྲཽ,4
དྷྲིྃ,12
ཌྒཱ,4
པྀྃ,2
བྀྃ,2
ཀྡི,2
ནྂ,16
ཉྫེ,10
སྨིཾ,12
སྙྀ,16
ཀྵྱི,2
རྒྷོ,14
ཉྩཾ,2
གྦི,2
ཥྦཱ,2
མྟཾ,2
ཨྣུ,2
པྼི,2
ལྶ,2
སྟྲོཾ,2
ཞུཾ,2
ཤྲྀ,8
ནྡྷཾ,2
ཪྠེ,10
ཏྀྃ,2
ཏཱུཾ,2
ཤོུ,2
སྟྱཱ,2
སྟྲཱ,6
གྷཱོ,2
ཛུྃ,16
ཛཱུྃ,2
ཀྲོཾ,6
ཀྲོྃ,6
ཕིཾ,4
ཕཱིཾ,2
ཕཱུྃ,4
ཕཽཾ,2
ཀྱྃ,12
གྷྱུ,12
ཡྟི,2
རྩྩི,4
ནྡྲྱཻ,2
ཀྵྨྱཻ,2
ཊྚིྃ,2
ཙྪཱི,2
ཀྵྱཻ,2
དྑ,2
ཥྚཱུ,2
ཀྵཱུ,8
ཀྵྨི,12
བྷྲྀཾ,2
གྐུ,2
ཊྲ,24
‍,3
བྨ,4
གྴི,2
བྷྲཱུྂ,4
ཏྲཱྂ,2
ཁྂ,6
པྱེ,2
གྷེྃ,18
པྤུ,4
ཉྫོ,4
རྦྠ,2
ཊྛི,6
ཊྷེཾ,2
དྡྷྲྀ,2
དྤུ,2
སྡྷེ,2
སྶྱ,6
ནྠེ,2
པུྃ,8
རྡྷུ,2
ཇིཾ,2
མྦྷཱི,12
རྱྂ,2
ཀཱྂ,2
དྱཱྂ,2
པྤི,2
རྨྨཱེ,2
ཇྀ,22
ནིྃ,2
གྐེ,6
དྡཱ,10
དྡུ,4
ཤྣ,6
࿓,18
࿔,22
རྨྤ,2
ཧྷ,98
ཤྤྃ,2
ཏྡྷ,2
ཎྲྀ,4
ཪྞྞོ,2
ཎེྃ,2
ཌྷྲོ,2
དྦྷྱུ,2
པྱཱྃ,6
ཀྲཱུ,8
རྥུ,6
རྱཱི,4
ཧྟྭྃ,2
དྷྱཱུ,2
པྤ,40
ནྛཱ,2
ཏྲོཾ,2
རྨཱྃ,2
ཀྲཱཾ,2
ཤྲྀཾ,2
ནྷེ,4
སྩེ,2
རྡྲ,2
ཊྠི,4
ཧཱོ,4
མྑྱ,2
མྶ,12
ཛྲཱིྃ,10
མཻྃ,2
ཋེ,12
སྦཱི,2
ཙྩེ,4
ཪྒྷོ,4
ཀྲྭ,2
གྐྲེ,2
དྱྃ,21
ཡེཾ,4
ཛཱྂ,2
ཀྵྞཱིྂ,2
ཨྱཱེ,2
ཀླེཾ,2
ཀླིཾ,6
ཀླུྃ,18
ཀླེྃ,2
ཀླིྃ,6
དྴ,2
ཤླེ,20
ཛྫེ,4
ཊྩ,2
ཎྟྲ,6
སྠཾ,4
དིཾ,6
ཤྲཱེ,2
ནཱིཾ,2
ནྱཾ,4
ཀྐཱི,6
ཊྱཱ,2
ཇྱ,2
རྟྨ,2
ཛྲཱོ,4
ཛྷྱོ,4
བྶ,4
ངྱྃ,4
རྦཱྃ,6
ྈྐ,4
སླཱི,2
ཥྲི,2
ཥྲཱི,2
མྲཱྃ,2
ངྔྷ,4
དྡྷྀྃ,2
ལཽ,18
ཀྵྞོ,4
སྟྲོ,2
ཤྴུ,2
ཀྭེ,2
ཌྷཾ,4
རྷི,2
རྕེ,2
སྐྲཱི,4
ཥྟི,2
མཱིུ,2
ཧུྃྃ,2
དྨཱྃ,2
ཥྚྲྲ,2
ཀྨཱྃ,2
ཀྨཱཱྃ,2
ཕྲྀ,4
ཥྚཱིྃ,4
ལཱོྃ,4
རྡྡྷ,4
ཏྡྷཱོྃ,2
སྟྷྨ,2
ཥྭི,2
རྦྤྃ,2
ལླུ,12
ཛྷཻཾ,2
ཀྱེྃ,2
ཁུཾ,2
ཊྛ,8
རྒྱེ,8
ཀྴེ,4
རྦྀ,4
རྤུ,4
རྒྷེ,2
བྣཾ,2
བྡྷེ,6
སྡེཾ,2
ཪྦཱ,5
རྞོ,4
རྨྱེ,2
ཙྪྲཱིྃ,6
ཀླཱྀྃ,2
ཌྲེ,5
ཌྡྷྱ,2
ཀྻུ,2
ནྤུ,2
ཪྞཱཾ,2
གྟི,2
ཤྚཱ,8
མྤྲ,4
དཽ,8
ཎཻ,8
གྷཱེ,4
རྦྦྷེ,2
ཧཱུཾཾ,1
ནྟྃ,14
གཱཽ,16
ཏཱྂ,2
ཥྨཱི,2
རྣུྃ,4
དཱཻ,4
ཏཱིྃ,4
ཇྭཱ,2
ཧྲཱུ,2
ངྒོ,2
ཌྵ,2
ཏྨེ,6
སྚ,2
ཛྭཱི,2
རྦྦི,6
སླི,4
དྷྲཽ,4
ཛླིཾ,4
བླིཾ,4
ཧྲོ,2
གཱོ,2
རྟྣ,2
དྦྷེ,2
མྙ,2
ལྱྃ,4
ཪྵུ,4
སྦྂ,2
ཪྷྷ,2
དྦྷྱ,12
རྠྠཱ,2
ཏིཾ,28
སྟྲྱ,2
ཀྤྲ,2
སྠཻ,2
རྟཱེ,2
ལྩོ,2
ཎྜྷ,4
རྦྷཱི,2
ནྠི,23
གྲཻ,6
ཀྟུ,4
སྟྲཱཾ,4
པཱཾ,6
ཊྱྃ,4
ཛྂ,2
སོཾ,2
ཀྶཾ,8
སྟྲིྃ,2
སྟྲྃ,6
ཙྐྲ,2
པྶཾ,2
སྷྲྱ,2
དྡྷྭཱ,2
༓,4
ཐྱེ,6
ཧྲཱེཾ,2
ནྟཱིྃ,2
ཥྚྀྃ,6
ནྭ,2
གྷུཾ,32
གྷཻ,72
ནྶི,6
དྣཱ,4
རྦྷཱེ,2
ཊྭི,4
སྦཱ,6
ཡྱོ,2
པྶ,4
ངྷཱ,2
ཀྵྪོ,2
ཤྭཱི,3
ཀྭོ,2
བེཾ,2
ཏྟྲྀ,2
ཀྵཱིཾ,4
ཤྺུ,2
ཥཱིཾ,2
གྷཾ,8
སྟིཾ,4
དྶཱ,8
ཀོྃ,12
སྱཾ,4
ཧྨཱེ,2
ཛྷླཱ,2
རཱུྃ,4
ཌྚ,14
མྱཱ,4
ཥྛླ,2
ཏྟུ,8
ཏྤྂ,2
ཤྐྲ,4
ཏྷྲ,2
ཥྤྲེ,4
ཏྲྱཻ,8
ཁྷ,2
དྡྷྭི,2
སྛ,6
ཀྵིྂ,6
དྷྲེཾ,2
སྐྲོཾ,2
ཪྣ,4
ཐྵ,2
ཏྭྀ,4
ཏྠུ,4
ཙྱཱ,4
ནྣཱི,2
ཏྦ,2
རྤཱི,2
ལྱཱེ,2
ཧྞྞ,12
ཌྂ,2
ཌཽ,6
རྞྞི,4
ཎྡྲྃ,2
རྞྞྃ,10
ཧྞྞཾ,2
ཤྚི,8
ཀྟིྃ,4
ཎྜྃ,6
གྷཽ,4
སྱུ,2
ཌྜྷྱཱ,2
ཧྞཱཾ,2
ཀྐཾ,2
མྨྱེ,2
ནྦི,4
པྡེ,6
ཥྚྲིྃ,2
གྷྣཱི,2
ཁྨ,2
ཀྠི,2
ཌཱཾ,2
རྡྱེ,2
ཇྲོ,6
དིྃ,4
དྟེ,2
བྣ,6
ཪྦེ,4
རྦཱི,4
ཛྙཱཽྃ,4
དྷྷ,8
ཥྱུ,4
ཤྐེ,2
རྦྭ,10
ཚྪ,6
རྒྷུ,4
མྦྦ,2
པྲཱྃ,4
རྫྫེ,2
ཊིྃ,4
ཨཱཻ,6
དྱཽ,2
ཝྭེ,2
ནྡྱ,4
ཀྂ,6
རྡྟི,2
ཏྲཱིཾ,24
ཤླ,6
ཏྲེྃ,4
ཀྵྨྲཱིྃ,2
ཤྭཾ,2
བྷེཾ,6
ཙིཾ,4
ནྜྷྱ,2
ཥྚྲཱོྃ,2
ཉྩཱི,2
རྨྣ,2
བྲཻ,4
བྱཱྃ,4
ཤཱེ,6
ནཱིྃ,2
ཚིཾ,4
ཥྥ,7
རྦྦཽ,4
བྷྲཱིྃ,2
ཪྡྲཱ,2
ཪྦཾ,2
སྵྃ,2
ཐྷཱ,4
ནྫྭ,2
གྟྭེ,4
ངྒྲི,2
ཏྟྱེ,6
དྡྷིཾ,6
སྨཱྂ,2
ཚྩ,4
དྷྭྂ,2
ཤཱཾ,6
ཏཻཾ,2
ཥྐྂ,2
ནྛ,2
རྐྱུ,4
ཊྦྃ,2
མྱཾ,2
མྦྷོ,2
སྙཾ,2
ཤྛཱ,2
དྷྷི,4
རྟྞ,2
ཤྤ,4
ཀྵྲི,2
བྷེྃ,2
ཧྐ,2
ནྩི,2
ལླཱ,6
ཎྡོ,2
བླེ,2
པྦྲ,2
པྲཾྃ,2
ངྒྲ,2
ཀྲུཾ,8
སྷཱ,4
ཁྭྱ,4
ཧྱཱེ,2
རྦཻ,2
ལླྀ,2
ལླཱྀ,2
ཀྵཱེ,2
ཌྱཱི,2
ཥྜ,2
སྠཱྃ,4
མྲཱྀ,2
ཧྲཱཾ,6
ཨཾྃ,2
བྷྲཾ,2
ཛྷྲ,2
ཙྵུ,2
ཤྵུ,2
དྞི,2
སྟྀ,2
རྟྃ,8
ཏྟྲི,2
ཀྷ,2
རྡྡྷཱ,2
པྦཾ,2
ཡྻྱ,2
མྟ,4
ཏྟྲོ,4
ཀེྂ,2
ཧཱྂ,6
ཥྜྱྃ,2
ཛྱཱ,2
ཥྚྲཽ,2
ཪྵྱ,2
སྨཱིཾ,2
སྙེྃ,2
རྦྷྱ,4
གྭཱ,4
པཻ,2
ཏུྂ,2
ཥཱཾ,2
གྷྣཻ,4
དྡྃ,2
ཡྻོཾ,2
ཛྗྷེཾ,2
སྫ,2
ཉྱ,2
འྃ,2
ཏྟཻ,2
ནྜཱི,2
རྡྷྱ,4
སྚི,2
ཀྵྞཱྃ,2
ཪྚ,2
རྒྷྲ,2
ངྻ,2
ཀྣི,2
ཧྟཱ,2
ཡྟཱ,2
ཪྟཱ,2
ཝྟ,2
ལྟཱ,2
དྫ,2
ཏྶེ,2
སྟྱྃ,4
དྟཱི,4
གྷྲཱྀ,2
ཋྚྲོ,2
སྃྃ,2
ནྭཱ,4
ངྦ,2
ཞྭུ,2
ཌོཾ,6
ཏྟྲཻ,2
བོྃ,4
ཎྚཱི,4
ཏཽ,6
པཱོ,4
ཌྲོ,2
ཅྡ,2
རྜྷྲི,2
ཋཱེ,2
ནྡྷཻ,2
ཛཱིྃ,4
ཐླྷིྃ,2
ཧྲྂ,2
ཕྲིཾ,2
རྟྲ,2
དྡྷྷ,4
མྲུ,2
ཎྜྀ,20
ཇཱི,6
ཥྚྲཱིཾ,20
ཥྟཱི,6
མྦཱེ,2
དྷཱཾ,2
ཙྱེ,6
ཤྷེ,2
རྞཱཾ,4
དྡྷྱཱ,4
ཊྲྃ,8
ཊྷོ,2
རྦྷྜྷཱ,2
ཪྪི,2
སྥཱོ,2
ཀྵེུ,2
ཪྫཱ,4
དྦྷཱ,6
ཀྐྲ,4
ཁིཾ,6
རྞྣ,2
གྨེ,2
གྨོ,2
གྨ,4
གྼ,2
ཛྙོཾ,4
ཥྠེ,6
ཊྛེ,2
ཛྷེཾ,2
ཥྣུ,2
སྟྱཱྃ,2
ཝྼ,2
ཙྪཱེ,2
གྲཱཾ,6
རྡྭེ,2
རྟྡྷཱ,2
བྱིཾ,2
དྲྭ,4
ཌྦྷཱུ,2
རྨྨཾ,2
ངྑི,4
རྡྡ,6
ཏྷུ,2
རྦྤཱ,4
ཎྱཱེ,2
ཀཱོ,2
བྷྱཾ,2
ལཱོ,2
ལྟྭ,2
ཀེུ,2
སྥི,4
དྡྷྷཱཱ,2
བྷྲུཾ,6
ཤྲཱྃ,2
རྱུྃ,4
ཅུྃ,2
ཀིྂ,2
ཟླུྃ,2
དྪ,2
ཏེཾ,2
ཧྣུ,2
གྡ,2
རྫཾ,2
གྷྀ,4
ཌྀ,8
་ཾ,2
ཤྚེ,2
ནྟྱེ,2
ཡིྃ,2
རྡྷྃ,2
གྣཱ,4
སྨྲྃ,4
ཧྶྣཱ,4
གྷཱུྂ,2
གྷུྂ,2
ཡྂ,8
ཧྭཱི,6
ཁྵུ,2
ནྠཱི,6
ཪྵི,2
པྲཱྀ,4
ཀྵྚྞྞ,2
ཧཱྀ,2
ལྐི,2
རྟྟཱི,6
ཪྣི,2
སཱིྃ,2
ལྒཱ,4
ཙྷོ,2
ཧྲཱིྂ,2
ཥྱཱཾ,2
ཤྛ,2
ཎྞོ,4
ཏྟྲཱ,2
ཀྵླིྃ,2
བླྃ,2
ཏླྃ,2
ཪྞྞ,12
བྱཱི,1
ཊྷྲ,1
ཎྚྱུ,2
བྷཱེ,4
སྶཾ,2
ལྦཱ,8
ཌཱོ,2
ཀཽྃ,6
བཻྃ,14
ཀཻྃ,16
པཻཾ,2
ནྔྷུ,4
ཀླཱིཾ,1
ཊྡྷྱ,2
ཥྟྀཾ,2
ཇཱྃ,2
ཎྱུ,6
སྦྦ,2
ནྣོ,4
ཡྷི,2
ཀྐྭ,4
བྒཱུ,2
གྷྞྃ,2
རྐྐཱ,6
ཕེྂ,6
ཆོྃ,2
ཊྵ,2
རྩྩ,8
ཤྜི,2
པྀ,4
ཎྡྷཱ,2
ཥྞྱུ,2
རྟྱ,2
སྥྱ,2
བྷཻྃ,2
ཏོཾ,2
གྒྷ,4
ཏ྄ེ,2
ཡྨ,2
ཊྚྡྷྱ,2
རྟྟྀ,2
ཛྲེཾ,2
གཱུྃ,4
བཱིཾ,2
ཙྪྃ,6
ཧྲྼྀྃ,2
ནྡྷྭ,2
ནྡྭ,2
ཞོཾ,2
བྙཻ,2
ཌྜཾ,2
ཥྜཱྃ,2
གྡི,2
དྨི,4
མྟྃ,2
ཅིུ,2
པྱྃ,2
ཀྱེཾ,2
ཏྭཻ,2
ཤྴ,2
རྡྡེ,2
ཀྵྞྣ,2
ཨྠྀི,2
རྒྷྂ,2
ལཱྀྃ,4
ཀྵཱྂ,1
ཕཱྃ,3
ཌྷཱྃ,3
ཋཱྃ,3
ཉཱྃ,3
ཚཱྃ,3
ཙཱྃ,3
ངཱྃ,3
ཪྡྷོ,2
ཆྀ,2
ཎྡུ,4
མླེ,4
ཙྪཽ,2
ནཱོཾ,1
དྫེ,2
དྲཱུུཾ,2
ཛྷེྃ,2
དྡྲ,4
ཥྚྲཱཾ,2
ཊྱོ,4
གླུྃ,4
ཋྞུ,4
སྷྱོ,4
ཛོྃ,2
ཅྪྃ,2
སྶྭ,2
ཀྨཱ,2
ཛཱེཾ,2
གྷྣཱྂ,2
རྦཱཻ,2
ངྷིྃ,2
ཐླྷིཾ,2
ངྴོ,2
པྲེཾ,2
ཏྤྲ,4
དྷྱཱཾ,2
བྷྱེཾ,2
དླི,2
ཧླཱི,2
ཀྵླཱི,2
ཀཽཾ,6
ཀཻཾ,12
ནྜོ,2
ཐྫ,2
སྟྲཾ,2
ཁྱཱི,2
སྣྣེ,2
གྣཱི,2
སྲཱིྃ,2
སྐྲྃ,2
ཀྵྼ,24
ཥྤྲ,2
ཥྼྀ,4
ཧྼྀ,4
ཧྼཱྀ,4
ཧླྀ,4
ཧླཱྀ,4
ལྷཾ,4
རྠྱ,2
རྙུ,2
ནྶོ,2
ཏྐུ,6
ཎཽ,2
དྻེ,2
དྟི,12
ཛྲྭ,2
ངྒཱི,4
རྞྞྀ,2
ཕཾ,2
གྦྷ,2
ཛྫྷ,2
བྦཱ,2
སྤྃ,4
ཥྚྀཾ,2
ལླཱུ,2
གྷྲོ,2
གྷེཾ,6
ཀྷོ,22
ཌྞ,2
ཌྞེ,4
དཱོ,2
སྟྂ,2
དྒི,4
ཥྩྃ,4
ཧྨོ,4
རྟྟེ,2
ཛྫཱ,4
ཥྚཱྂ,2
ཛིཾ,4
དྷྭྭ,2
ཪྵཱྃ,2
རྐྐྃ,2
ཧཱུྃཾ,2
སྟྲཱུྃ,2
ཝྱ,2
སྨྀ,2
ནྚི,2
ཊྜྷ,2
དྲཱཾ,2
ཏྭྂ,2
ཊྲཱ,2
དྡྱ,4
ཌྫ,2
ཐླྷཱིྃ,2
སྟྭཱྃ,6
རྠྠེ,2
ཥྵ,4
གྞ,2
གྼི,2
གྼཱི,2
ཛྼི,2
ཛྼཱི,2
ཋཱུ,2
ཌྼྀ,2
ཌྼཱྀ,2
ཌྷྀ,2
ཌྷཱྀ,2
པླྀ,2
བྼྀ,2
བྼཱྀ,2
དྼྀ,2
དྼཱྀ,2
ཌྷྲ,2
ཛྲཱིྂ,2
ཀུྂ,2
པྲིཾ,2
པཱུྃ,2
ཤྣི,2
ཅྪཱ,2
མླ,2
ཛྲྂ,2
རྡྱཻ,2
ཥྞཻ,2
མྷི,2
ཥྟྲཱི,6
ཁེཾ,6
རྡྷོ,2
ནྦ,4
འོཾ,2
མྺི,2
དྷྂ,8
ཥྻྃ,2
ཥྐཱ,6
ཙྪྲཱིཾ,6
ཥྴ,2
སྟྭཱཾ,2
ཌྷྲྀ,2
རཱུྂ,2
ཎྞྃ,4
ཧྞྞྃ,2
བྷཱིྃ,2
ཐྐ,4
ཊྡྷ,2
ཁྑཱ,2
ཡཱེ,8
ཏྱཱཾ,4
ངྟ,2
དྒཱ,2
མྭ,2
རྐཾ,2
ཨཱཻྃ,2
སྟུཾ,2
ཎྛི,4
མྞ,2
ཧྻྃ,2
ཧྻཱྃ,2
ཀྵྀ,2
ཪྦྷཱུ,4
ནྡྷཱི,8
དྒུ,2
ཏཻྃ,2
ཎྡཱི,2
ཊྨུ,2
ཀྴྨི,2
ནྟྱཻ,2
བྱཱཻ,2
པྚ,4
ཪྞེ,2
ཊྤཱ,4
ཉྩྱ,2
ཇྃ,2
རྟྷ,1
ཆྃ,1
ཏྲཱེ,2
མྤྱ,2
ཏྷྟ,2
ཥྟེ,2
ཏྱིཾ,2
ནླ,4
བྷཻཾ,2
ཙྱཱཻ,2
ཎྟི,2
སྕོ,2
པྷཱུ,2
ཛྲུཾ,2
མཻཾ,2
ཐླྷཱེཾ,2
ལླྃ,4
དྂ,2
རྒྟྃ,2
རྩྃ,6
ཥྚཱཾ,4
དྲཻཾ,4
བྲིྃ,2
ཎྂ,2
པྙ,2
ཧྲུྃ,4
ཧྱཾ,2
དྡྷྱྃ,2
ཪྡི,2
རྣཱ,2
ཀྵྼྀ,2
ཀྵྼཱྀ,2
ཀྵླྀ,2
ཀྵླཱྀ,2
ཐྐཱ,2
ཀྴོ,2
ལྐྱོ,2
ལྟྟོ,4
ནྟྟོ,2
གྲིཾ,2
དོཾ,4
ནྫི,2
གྒྲ,2
ཥྤཾ,2
ལྱེཾ,2
ཏྲྱཾ,2
ཏྲྭེ,2
རྒཾ,4
ཏྴ,2
ངྡྷ,2
གྷོྃ,8
གྷཱོྃ,2
ཀྷོྃ,24
ངྷོ,2
ཌྞོྃ,2
ཀོྃཾ,2
སྦྲུྃ,2
ཀྵཻ,1
ཥྱྂ,2
ཙྪིྂ,4
ཏྲཱཻ,2
དྭཱཻ,2
མྤོ,2
རྩཱུ,1
ཪྴེ,2
ནྣྃ,2
ཡྭ,2
ཙཱིྃ,2
ཧླི,2
ཎཱྂ,2
ཀྴྷཱུ,2
རྡྡཱི,2
ཀྵྨཱ,2
ཤྲཱྀཾ,2
ཤྷི,2
དྡྷཱོ,2
ཐྷཱཱིྃ,2
ལྩུ,2
པྟོ,2
ཕྱྃ,2
མཱཽ,2
སྒྲུུ,2
རཱིཾ,2
ཁུྃ,4
ཉྫཱུ,2
བྲཱྃ,2
ཤྟྃ,2
རེྃ,2
ཏྐེ,2
༆,1
རླེ,2
ཎྱཾ,4
བྚུ,4
པྭ,2
ཌྟཱི,2
རྡོེ,2
ཤྷྲི,2
རྒྒྷ,2
དྲཻྃ,4
ཊཱོ,1
དྭཱེ,2
དྷཱྂ,2
ཧྨཱི,4
དྷྲྀྃ,2
ཥྀ,2
རྡཱུ,4
ནྲཱྀ,2
སཱཾ,4
ཧྲཱིུྃ,2
ཕཱིྃ,2
ཕཱཻྃ,2
ཕཽྃ,2
ཁྲྀ,3
ཪྒ,6
ཀྴྨ,4
ཥྻ,2
སྟྲཱུ,2
ཎྩཻ,2
སྐུཾ,2
མྦཱུ,2
ཐེཾ,4
ཙྖ,2
གླཱིཾ,2
༻ི,1
ཀླཽ,2
།ུྃ,2
ཧྲཱོྃ,2
ནཱོ,2
རོྃ,4
གྲཱྃ,4
ཁོུ,2
ཛྷཽ,4
ཊྂ,2
ཤྠེ,2
སླཱ,2
དྶི,2
ཥྔ,2
ཥྤི,2
ཪྞཱྃ,2
ཧྼཱྀྃ,2
ཧླུྃ,2
ཧྲླཱིྃ,2
མྲཱུཾ,4
སྲཱུ,4
རྞྃ,2
ཊྚྱུ,4
དྡྭྃ,2
ཥྠྱ,2
ལྕྀ,2
པྥུ,8
ཧྶ,2
མྤེ,4
མྴ,4
པྤཱ,2
དྲཱིྃ,2
ཌིྃ,2
ལྱེྃ,2
པྥྦྦྷྨཱ,2
ཏྠྡྡྷྣ,2
ཏྠྡྡྷྣཱ,2
ཀྑྒྒྷྔ,2
ཀྑྒྒྷྔཱ,2
ཙྪྫྫྷྙ,2
ཙྪྫྫྷྙཱ,2
ཊྛྜྜྷྞ,2
ཊྛྜྜྷྞཱ,2
པྥྦྦྷྨ,2
བྲཱིཾ,2
ཇྭ,2
ཏྲེཾ,2
ཊྭཱྂ,2
ཥྚྚཱི,2
ཨྱ,2
རྒྒྃ,2
ཐྤ,2
བྡཱ,2
ཏྱཱུ,2
དྡྷཱཾ,2
དྡྷཾ,2
ཎྜཾ,2
ཪྴཾ,2
དྷཱུཾ,2
རྡཾ,2
སྐྭ,6
ཛྲཻ,2
ཤྵཱ,2
ཙྪཾ,2
ཀྴྞ,2
ནྤྲ,2
ཤྲཱཾ,2
ྉྤྵྴ,4
རྨྨཱྃ,2
ཨཱོྂ,2
བླིྃ,2
སྒྲིཾ,1
དྱཻ,2
ཀྡྷི,6
ཌྚེ,2
པྶོ,2
ནྟྟི,2
ཎྟྃ,4
ཧཻཾ,4
ཧཽཾ,2
རྠཱེ,2
རྞཱྃ,2
ཧྨཻ,2
ཤྣཱ,2
ཀྩཱ,2
ཨོཾཾ,2
ནྞ,2
སྣྃ,2
ནྡཾ,2
ཐྲ,2
ཥྞུྂ,2
ཪྞྞྃ,12
སྠཱུ,2
ཊིཾ,2
ཡཽྃ,2
ཤྛི,2
ཊྡ,2
ཙྱོ,4
མྟི,2
ཡྻཱྃ,2
ཀྼཱ,2
སྟྲཱྃ,1
ངྲཻ,2
ཧཱཱུ,2
གྡྷེ,2
ཛྫྷེ,2
ཧཾྃ,2
ཝཱྀ,2
སྣྲ,2
བྵུ,2
ཧྲླིྃ,2
ཌཱྀ,2
ཏྟྲཾ,2
ཛྣི,2
ཊྷྃ,2
ཐླཱིྃ,4
ཥྚིྂ,2
ཎཱིཾ,6
ནཱིྂ,2
བྱཱཾ,2
རྟཾ,2
ཧྭྃ,2
ཧླཱྃ,2
དྨཽ,2
ལྒེ,2
ཥུྃ,2
ཙཻུ,2
ཏྟཱེ,2
བཱིྂ,2
གཱཾ,2
ཨྭ,1
